title,yas,lokasyon,fiyat,telefon,odeme_sekli,ozellikler,vip,image_url,content,category
Yasemin,20,"Kuşadası, Yılancı Burnu",4050,0534 704 64 14,"Nakit, Kripto","masaj, otel gelir, 24 saat",1,https://picsum.photos/id/64/400/600,"Şehrin en güzel köşelerinde birlikte vakit geçirmek için sabırsızlanıyorum. Ben Yasemin, Kuşadası Yılancı Burnu bölgesinde aktif olarak hizmet veriyorum. Otel veya merkezi buluşma noktalarında görüşmeyi tercih edebilirim; detayları önceden netleştiririz. Sunabildiğim özellikler arasında masaj, otel gelir, 24 saat yer alıyor. Sohbet, gezinti, akşam yemeği veya sakin bir kahve molası gibi planları birlikte şekillendirebiliriz. Güven, gizlilik ve samimiyet benim için her zaman ön plandadır. Otel veya merkezi buluşma noktalarında görüşmeyi tercih edebilirim; detayları önceden netleştiririz. Özel isteklere açığım; beklentilerinizi dinleyip uygun bir program öneririm. Otel veya merkezi buluşma noktalarında görüşmeyi tercih edebilirim; detayları önceden netleştiririz. Sakin, enerjik veya romantik bir akşam — ne arıyorsanız birlikte planlayabiliriz.",Popüler
Aylin,33,"Kuşadası, Güvercinada",2400,0544 967 54 87,"Nakit, Kripto","otel gelir, partner, yabancı uyruklu, masaj",0,https://picsum.photos/id/65/400/600,"Kuşadası'nın enerjisini seven, sıcakkanlı ve güler yüzlü biriyim. Ben Aylin, Kuşadası Güvercinada bölgesinde aktif olarak hizmet veriyorum. Sakin, enerjik veya romantik bir akşam — ne arıyorsanız birlikte planlayabiliriz. Sunabildiğim özellikler arasında otel gelir, partner, yabancı uyruklu, masaj yer alıyor. Randevularımı düzenli ve planlı yürütürüm; zamanına saygı benim için çok önemlidir. Kuşadası'nda unutulmaz bir arkadaşlık deneyimi için sabırsızlanıyorum. Randevularımı düzenli ve planlı yürütürüm; zamanına saygı benim için çok önemlidir. Güleryüzlü tavrım ve nezaketim sayesinde kısa sürede güven veren bir atmosfer kurarım. Kuşadası'nın sahil şeridi, marina ve merkez noktalarında keyifli rotalar önerebilirim. Otel veya merkezi buluşma noktalarında görüşmeyi tercih edebilirim; detayları önceden netleştiririz.",VIP
Ceyda,27,"Kuşadası, Güzelçamlı",4150,0551 750 56 30,"Nakit, Kripto","yabancı uyruklu, türkçe bilir",0,https://picsum.photos/id/66/400/600,"Şehrin en güzel köşelerinde birlikte vakit geçirmek için sabırsızlanıyorum. Ben Ceyda, Kuşadası Güzelçamlı bölgesinde aktif olarak hizmet veriyorum. Güleryüzlü tavrım ve nezaketim sayesinde kısa sürede güven veren bir atmosfer kurarım. Sunabildiğim özellikler arasında yabancı uyruklu, türkçe bilir yer alıyor. Randevularımı düzenli ve planlı yürütürüm; zamanına saygı benim için çok önemlidir. Güven, gizlilik ve samimiyet benim için her zaman ön plandadır. İngilizce ve Türkçe iletişim kurabiliyorum; misafirlerimle rahat bir ortam oluşturuyorum. Otel veya merkezi buluşma noktalarında görüşmeyi tercih edebilirim; detayları önceden netleştiririz. İngilizce ve Türkçe iletişim kurabiliyorum; misafirlerimle rahat bir ortam oluşturuyorum. Sakin, enerjik veya romantik bir akşam — ne arıyorsanız birlikte planlayabiliriz.",Merkez
Jale,27,"Kuşadası, Güzelçamlı",3800,0545 374 18 37,"Nakit, Kripto","partner, türkçe bilir",0,https://picsum.photos/id/101/400/600,"Zarif, bakımlı ve pozitif enerjisiyle öne çıkan bir profil sunuyorum. Ben Jale, Kuşadası Güzelçamlı bölgesinde aktif olarak hizmet veriyorum. Otel veya merkezi buluşma noktalarında görüşmeyi tercih edebilirim; detayları önceden netleştiririz. Sunabildiğim özellikler arasında partner, türkçe bilir yer alıyor. Sakin, enerjik veya romantik bir akşam — ne arıyorsanız birlikte planlayabiliriz. Kuşadası'nda unutulmaz bir arkadaşlık deneyimi için sabırsızlanıyorum. Sakin, enerjik veya romantik bir akşam — ne arıyorsanız birlikte planlayabiliriz. İngilizce ve Türkçe iletişim kurabiliyorum; misafirlerimle rahat bir ortam oluşturuyorum. Güleryüzlü tavrım ve nezaketim sayesinde kısa sürede güven veren bir atmosfer kurarım. İngilizce ve Türkçe iletişim kurabiliyorum; misafirlerimle rahat bir ortam oluşturuyorum. Otel veya merkezi buluşma noktalarında görüşmeyi tercih edebilirim; detayları önceden netleştiririz.",Popüler
Umay,32,"Kuşadası, Cumhuriyet",2500,0537 911 97 64,Nakit,"otel gelir, partner, masaj, eve gelir, türkçe bilir",0,https://picsum.photos/id/177/400/600,"Kuşadası'nda uzun süredir bulunuyorum; bölgeyi ve yaşam ritmini çok iyi biliyorum. Ben Umay, Kuşadası Cumhuriyet bölgesinde aktif olarak hizmet veriyorum. Özel isteklere açığım; beklentilerinizi dinleyip uygun bir program öneririm. Sunabildiğim özellikler arasında otel gelir, partner, masaj, eve gelir yer alıyor. Sakin, enerjik veya romantik bir akşam — ne arıyorsanız birlikte planlayabiliriz. Güven, gizlilik ve samimiyet benim için her zaman ön plandadır. Güleryüzlü tavrım ve nezaketim sayesinde kısa sürede güven veren bir atmosfer kurarım. Sohbet, gezinti, akşam yemeği veya sakin bir kahve molası gibi planları birlikte şekillendirebiliriz. Randevularımı düzenli ve planlı yürütürüm; zamanına saygı benim için çok önemlidir. Güleryüzlü tavrım ve nezaketim sayesinde kısa sürede güven veren bir atmosfer kurarım.",Popüler
Elif,33,"Kuşadası, Merkez",1650,0553 723 35 29,"Nakit, Kredi Kartı","24 saat, otel gelir, türkçe bilir",0,https://picsum.photos/id/338/400/600,"Profesyonel, özenli ve güven veren bir yaklaşımla hizmet veriyorum. Ben Elif, Kuşadası Merkez bölgesinde aktif olarak hizmet veriyorum. Sohbet, gezinti, akşam yemeği veya sakin bir kahve molası gibi planları birlikte şekillendirebiliriz. Sunabildiğim özellikler arasında 24 saat, otel gelir, türkçe bilir yer alıyor. Kuşadası'nın sahil şeridi, marina ve merkez noktalarında keyifli rotalar önerebilirim. Kuşadası'nda unutulmaz bir arkadaşlık deneyimi için sabırsızlanıyorum. Sohbet, gezinti, akşam yemeği veya sakin bir kahve molası gibi planları birlikte şekillendirebiliriz. Randevularımı düzenli ve planlı yürütürüm; zamanına saygı benim için çok önemlidir. Kuşadası'nın sahil şeridi, marina ve merkez noktalarında keyifli rotalar önerebilirim. Güleryüzlü tavrım ve nezaketim sayesinde kısa sürede güven veren bir atmosfer kurarım.",Yeni
Ceyda 2,22,"Kuşadası, Davutlar",1350,0537 371 77 87,"Kredi Kartı, Nakit, Kripto","masaj, yabancı uyruklu, 24 saat",0,https://picsum.photos/id/399/400/600,"Şehrin en güzel köşelerinde birlikte vakit geçirmek için sabırsızlanıyorum. Ben Ceyda, Kuşadası Davutlar bölgesinde aktif olarak hizmet veriyorum. Otel veya merkezi buluşma noktalarında görüşmeyi tercih edebilirim; detayları önceden netleştiririz. Sunabildiğim özellikler arasında masaj, yabancı uyruklu, 24 saat yer alıyor. Güleryüzlü tavrım ve nezaketim sayesinde kısa sürede güven veren bir atmosfer kurarım. Kuşadası'nda unutulmaz bir arkadaşlık deneyimi için sabırsızlanıyorum. Kuşadası'nın sahil şeridi, marina ve merkez noktalarında keyifli rotalar önerebilirim. Sakin, enerjik veya romantik bir akşam — ne arıyorsanız birlikte planlayabiliriz. Sakin, enerjik veya romantik bir akşam — ne arıyorsanız birlikte planlayabiliriz. Randevularımı düzenli ve planlı yürütürüm; zamanına saygı benim için çok önemlidir.",Yeni
Irmak,30,"Kuşadası, Yılancı Burnu",1100,0533 334 18 14,"Kripto, Nakit, Kredi Kartı","otel gelir, masaj",0,https://picsum.photos/id/433/400/600,"Yeni insanlarla tanışmayı, samimi sohbetleri ve keyifli anları paylaşmayı seviyorum. Ben Irmak, Kuşadası Yılancı Burnu bölgesinde aktif olarak hizmet veriyorum. Otel veya merkezi buluşma noktalarında görüşmeyi tercih edebilirim; detayları önceden netleştiririz. Sunabildiğim özellikler arasında otel gelir, masaj yer alıyor. Güleryüzlü tavrım ve nezaketim sayesinde kısa sürede güven veren bir atmosfer kurarım. Kuşadası'nda unutulmaz bir arkadaşlık deneyimi için sabırsızlanıyorum. Otel veya merkezi buluşma noktalarında görüşmeyi tercih edebilirim; detayları önceden netleştiririz. İngilizce ve Türkçe iletişim kurabiliyorum; misafirlerimle rahat bir ortam oluşturuyorum. Sakin, enerjik veya romantik bir akşam — ne arıyorsanız birlikte planlayabiliriz. Otel veya merkezi buluşma noktalarında görüşmeyi tercih edebilirim; detayları önceden netleştiririz.",Merkez
Özge,23,"Kuşadası, Davutlar",1400,0545 845 53 23,"Kredi Kartı, Kripto, Nakit","yabancı uyruklu, masaj, otel gelir, 24 saat, partner",1,https://picsum.photos/id/447/400/600,"Şehrin en güzel köşelerinde birlikte vakit geçirmek için sabırsızlanıyorum. Ben Özge, Kuşadası Davutlar bölgesinde aktif olarak hizmet veriyorum. Sakin, enerjik veya romantik bir akşam — ne arıyorsanız birlikte planlayabiliriz. Sunabildiğim özellikler arasında yabancı uyruklu, masaj, otel gelir, 24 saat yer alıyor. İngilizce ve Türkçe iletişim kurabiliyorum; misafirlerimle rahat bir ortam oluşturuyorum. Kuşadası'nda unutulmaz bir arkadaşlık deneyimi için sabırsızlanıyorum. İngilizce ve Türkçe iletişim kurabiliyorum; misafirlerimle rahat bir ortam oluşturuyorum. Güleryüzlü tavrım ve nezaketim sayesinde kısa sürede güven veren bir atmosfer kurarım. Sakin, enerjik veya romantik bir akşam — ne arıyorsanız birlikte planlayabiliriz. Otel veya merkezi buluşma noktalarında görüşmeyi tercih edebilirim; detayları önceden netleştiririz.",VIP
Pınar,23,"Kuşadası, Camiatik",1200,0552 318 61 17,"Kripto, Nakit, Kredi Kartı","eve gelir, yabancı uyruklu, masaj",1,https://picsum.photos/id/453/400/600,"Kuşadası'nın enerjisini seven, sıcakkanlı ve güler yüzlü biriyim. Ben Pınar, Kuşadası Camiatik bölgesinde aktif olarak hizmet veriyorum. Özel isteklere açığım; beklentilerinizi dinleyip uygun bir program öneririm. Sunabildiğim özellikler arasında eve gelir, yabancı uyruklu, masaj yer alıyor. Güleryüzlü tavrım ve nezaketim sayesinde kısa sürede güven veren bir atmosfer kurarım. Kuşadası'nda unutulmaz bir arkadaşlık deneyimi için sabırsızlanıyorum. Güleryüzlü tavrım ve nezaketim sayesinde kısa sürede güven veren bir atmosfer kurarım. Özel isteklere açığım; beklentilerinizi dinleyip uygun bir program öneririm. Sakin, enerjik veya romantik bir akşam — ne arıyorsanız birlikte planlayabiliriz. İngilizce ve Türkçe iletişim kurabiliyorum; misafirlerimle rahat bir ortam oluşturuyorum. Otel veya merkezi buluşma noktalarında görüşmeyi tercih edebilirim; detayları önceden netleştiririz.",Popüler
Hale,21,"Kuşadası, Kadınlar Denizi",4050,0534 971 33 18,"Nakit, Kripto","24 saat, partner, eve gelir, otel gelir, türkçe bilir",0,https://picsum.photos/id/475/400/600,"Şehrin en güzel köşelerinde birlikte vakit geçirmek için sabırsızlanıyorum. Ben Hale, Kuşadası Kadınlar Denizi bölgesinde aktif olarak hizmet veriyorum. Özel isteklere açığım; beklentilerinizi dinleyip uygun bir program öneririm. Sunabildiğim özellikler arasında 24 saat, partner, eve gelir, otel gelir yer alıyor. Randevularımı düzenli ve planlı yürütürüm; zamanına saygı benim için çok önemlidir. Güven, gizlilik ve samimiyet benim için her zaman ön plandadır. Otel veya merkezi buluşma noktalarında görüşmeyi tercih edebilirim; detayları önceden netleştiririz. Sohbet, gezinti, akşam yemeği veya sakin bir kahve molası gibi planları birlikte şekillendirebiliriz. Randevularımı düzenli ve planlı yürütürüm; zamanına saygı benim için çok önemlidir. Özel isteklere açığım; beklentilerinizi dinleyip uygun bir program öneririm.",Popüler
Jale 2,30,"Kuşadası, Davutlar",2000,0551 736 82 22,"Kredi Kartı, Nakit","yabancı uyruklu, türkçe bilir, otel gelir, 24 saat",1,https://picsum.photos/id/536/400/600,"Şehrin en güzel köşelerinde birlikte vakit geçirmek için sabırsızlanıyorum. Ben Jale, Kuşadası Davutlar bölgesinde aktif olarak hizmet veriyorum. Güleryüzlü tavrım ve nezaketim sayesinde kısa sürede güven veren bir atmosfer kurarım. Sunabildiğim özellikler arasında yabancı uyruklu, türkçe bilir, otel gelir, 24 saat yer alıyor. İngilizce ve Türkçe iletişim kurabiliyorum; misafirlerimle rahat bir ortam oluşturuyorum. Kaliteli ve saygılı bir deneyim arıyorsanız doğru yerdesiniz. Randevularımı düzenli ve planlı yürütürüm; zamanına saygı benim için çok önemlidir. Otel veya merkezi buluşma noktalarında görüşmeyi tercih edebilirim; detayları önceden netleştiririz. Kuşadası'nın sahil şeridi, marina ve merkez noktalarında keyifli rotalar önerebilirim. Güleryüzlü tavrım ve nezaketim sayesinde kısa sürede güven veren bir atmosfer kurarım.",Yeni
Pınar 2,29,"Kuşadası, Camiatik",3500,0535 209 80 29,"Kripto, Nakit, Kredi Kartı","eve gelir, türkçe bilir",0,https://picsum.photos/id/548/400/600,"Şehrin en güzel köşelerinde birlikte vakit geçirmek için sabırsızlanıyorum. Ben Pınar, Kuşadası Camiatik bölgesinde aktif olarak hizmet veriyorum. Kuşadası'nın sahil şeridi, marina ve merkez noktalarında keyifli rotalar önerebilirim. Sunabildiğim özellikler arasında eve gelir, türkçe bilir yer alıyor. Otel veya merkezi buluşma noktalarında görüşmeyi tercih edebilirim; detayları önceden netleştiririz. Kaliteli ve saygılı bir deneyim arıyorsanız doğru yerdesiniz. Sakin, enerjik veya romantik bir akşam — ne arıyorsanız birlikte planlayabiliriz. Güleryüzlü tavrım ve nezaketim sayesinde kısa sürede güven veren bir atmosfer kurarım. Sohbet, gezinti, akşam yemeği veya sakin bir kahve molası gibi planları birlikte şekillendirebiliriz. Randevularımı düzenli ve planlı yürütürüm; zamanına saygı benim için çok önemlidir.",Merkez
Jale 3,20,"Kuşadası, Kadınlar Denizi",2350,0554 109 24 19,Kripto,"eve gelir, masaj, yabancı uyruklu, 24 saat",0,https://picsum.photos/id/550/400/600,"Profesyonel, özenli ve güven veren bir yaklaşımla hizmet veriyorum. Ben Jale, Kuşadası Kadınlar Denizi bölgesinde aktif olarak hizmet veriyorum. Sohbet, gezinti, akşam yemeği veya sakin bir kahve molası gibi planları birlikte şekillendirebiliriz. Sunabildiğim özellikler arasında eve gelir, masaj, yabancı uyruklu, 24 saat yer alıyor. Kuşadası'nın sahil şeridi, marina ve merkez noktalarında keyifli rotalar önerebilirim. Güven, gizlilik ve samimiyet benim için her zaman ön plandadır. İngilizce ve Türkçe iletişim kurabiliyorum; misafirlerimle rahat bir ortam oluşturuyorum. Özel isteklere açığım; beklentilerinizi dinleyip uygun bir program öneririm. İngilizce ve Türkçe iletişim kurabiliyorum; misafirlerimle rahat bir ortam oluşturuyorum. Sohbet, gezinti, akşam yemeği veya sakin bir kahve molası gibi planları birlikte şekillendirebiliriz.",Popüler
Melis,31,"Kuşadası, Kadınlar Denizi",1850,0537 522 13 32,"Nakit, Kripto, Kredi Kartı","24 saat, masaj, eve gelir, partner, otel gelir",0,https://picsum.photos/id/582/400/600,"Zarif, bakımlı ve pozitif enerjisiyle öne çıkan bir profil sunuyorum. Ben Melis, Kuşadası Kadınlar Denizi bölgesinde aktif olarak hizmet veriyorum. Özel isteklere açığım; beklentilerinizi dinleyip uygun bir program öneririm. Sunabildiğim özellikler arasında 24 saat, masaj, eve gelir, partner yer alıyor. Otel veya merkezi buluşma noktalarında görüşmeyi tercih edebilirim; detayları önceden netleştiririz. Kaliteli ve saygılı bir deneyim arıyorsanız doğru yerdesiniz. İngilizce ve Türkçe iletişim kurabiliyorum; misafirlerimle rahat bir ortam oluşturuyorum. Randevularımı düzenli ve planlı yürütürüm; zamanına saygı benim için çok önemlidir. Özel isteklere açığım; beklentilerinizi dinleyip uygun bir program öneririm. Sohbet, gezinti, akşam yemeği veya sakin bir kahve molası gibi planları birlikte şekillendirebiliriz.",Merkez
Irmak 2,34,"Kuşadası, Davutlar",2450,0545 436 45 18,"Nakit, Kripto","masaj, eve gelir",0,https://picsum.photos/id/593/400/600,"İletişim gücüm yüksek; karşımdakini dinlemeyi ve iyi hissettirmeyi önemsiyorum. Ben Irmak, Kuşadası Davutlar bölgesinde aktif olarak hizmet veriyorum. Kuşadası'nın sahil şeridi, marina ve merkez noktalarında keyifli rotalar önerebilirim. Sunabildiğim özellikler arasında masaj, eve gelir yer alıyor. Özel isteklere açığım; beklentilerinizi dinleyip uygun bir program öneririm. Güven, gizlilik ve samimiyet benim için her zaman ön plandadır. Kuşadası'nın sahil şeridi, marina ve merkez noktalarında keyifli rotalar önerebilirim. Sohbet, gezinti, akşam yemeği veya sakin bir kahve molası gibi planları birlikte şekillendirebiliriz. Randevularımı düzenli ve planlı yürütürüm; zamanına saygı benim için çok önemlidir. Güleryüzlü tavrım ve nezaketim sayesinde kısa sürede güven veren bir atmosfer kurarım.",Yeni
Umay 2,21,"Kuşadası, Merkez",1450,0538 360 15 65,"Kredi Kartı, Kripto, Nakit","24 saat, partner, otel gelir, yabancı uyruklu, türkçe bilir",1,https://picsum.photos/id/597/400/600,"Şehrin en güzel köşelerinde birlikte vakit geçirmek için sabırsızlanıyorum. Ben Umay, Kuşadası Merkez bölgesinde aktif olarak hizmet veriyorum. Kuşadası'nın sahil şeridi, marina ve merkez noktalarında keyifli rotalar önerebilirim. Sunabildiğim özellikler arasında 24 saat, partner, otel gelir, yabancı uyruklu yer alıyor. Özel isteklere açığım; beklentilerinizi dinleyip uygun bir program öneririm. Benimle iletişime geçerek uygun saat ve buluşma detaylarını kolayca ayarlayabilirsiniz. Kuşadası'nın sahil şeridi, marina ve merkez noktalarında keyifli rotalar önerebilirim. Kuşadası'nın sahil şeridi, marina ve merkez noktalarında keyifli rotalar önerebilirim. Randevularımı düzenli ve planlı yürütürüm; zamanına saygı benim için çok önemlidir. Güleryüzlü tavrım ve nezaketim sayesinde kısa sürede güven veren bir atmosfer kurarım.",Popüler
Zeynep,30,"Kuşadası, Cumhuriyet",2650,0554 953 10 48,"Kredi Kartı, Nakit, Kripto","masaj, yabancı uyruklu, eve gelir, türkçe bilir, 24 saat",0,https://picsum.photos/id/638/400/600,"Kuşadası'nda uzun süredir bulunuyorum; bölgeyi ve yaşam ritmini çok iyi biliyorum. Ben Zeynep, Kuşadası Cumhuriyet bölgesinde aktif olarak hizmet veriyorum. Kuşadası'nın sahil şeridi, marina ve merkez noktalarında keyifli rotalar önerebilirim. Sunabildiğim özellikler arasında masaj, yabancı uyruklu, eve gelir, türkçe bilir yer alıyor. Sakin, enerjik veya romantik bir akşam — ne arıyorsanız birlikte planlayabiliriz. Kuşadası'nda unutulmaz bir arkadaşlık deneyimi için sabırsızlanıyorum. Sakin, enerjik veya romantik bir akşam — ne arıyorsanız birlikte planlayabiliriz. Otel veya merkezi buluşma noktalarında görüşmeyi tercih edebilirim; detayları önceden netleştiririz. Sakin, enerjik veya romantik bir akşam — ne arıyorsanız birlikte planlayabiliriz. İngilizce ve Türkçe iletişim kurabiliyorum; misafirlerimle rahat bir ortam oluşturuyorum.",VIP
Kader,30,"Kuşadası, Camiatik",1400,0533 350 70 88,Kripto,"eve gelir, partner, masaj, otel gelir",0,https://picsum.photos/id/659/400/600,"Yeni insanlarla tanışmayı, samimi sohbetleri ve keyifli anları paylaşmayı seviyorum. Ben Kader, Kuşadası Camiatik bölgesinde aktif olarak hizmet veriyorum. Sakin, enerjik veya romantik bir akşam — ne arıyorsanız birlikte planlayabiliriz. Sunabildiğim özellikler arasında eve gelir, partner, masaj, otel gelir yer alıyor. Özel isteklere açığım; beklentilerinizi dinleyip uygun bir program öneririm. Güven, gizlilik ve samimiyet benim için her zaman ön plandadır. Otel veya merkezi buluşma noktalarında görüşmeyi tercih edebilirim; detayları önceden netleştiririz. Özel isteklere açığım; beklentilerinizi dinleyip uygun bir program öneririm. Sakin, enerjik veya romantik bir akşam — ne arıyorsanız birlikte planlayabiliriz. Özel isteklere açığım; beklentilerinizi dinleyip uygun bir program öneririm.",Yeni
Funda,20,"Kuşadası, Güzelçamlı",4650,0551 151 81 41,Kredi Kartı,"eve gelir, masaj, 24 saat",0,https://picsum.photos/id/675/400/600,"Yeni insanlarla tanışmayı, samimi sohbetleri ve keyifli anları paylaşmayı seviyorum. Ben Funda, Kuşadası Güzelçamlı bölgesinde aktif olarak hizmet veriyorum. Sakin, enerjik veya romantik bir akşam — ne arıyorsanız birlikte planlayabiliriz. Sunabildiğim özellikler arasında eve gelir, masaj, 24 saat yer alıyor. İngilizce ve Türkçe iletişim kurabiliyorum; misafirlerimle rahat bir ortam oluşturuyorum. Kuşadası'nda unutulmaz bir arkadaşlık deneyimi için sabırsızlanıyorum. Kuşadası'nın sahil şeridi, marina ve merkez noktalarında keyifli rotalar önerebilirim. Sakin, enerjik veya romantik bir akşam — ne arıyorsanız birlikte planlayabiliriz. Özel isteklere açığım; beklentilerinizi dinleyip uygun bir program öneririm. Sakin, enerjik veya romantik bir akşam — ne arıyorsanız birlikte planlayabiliriz. İngilizce ve Türkçe iletişim kurabiliyorum; misafirlerimle rahat bir ortam oluşturuyorum.",Merkez
Pınar 3,27,"Kuşadası, Merkez",4450,0541 443 50 79,"Kredi Kartı, Kripto, Nakit","yabancı uyruklu, otel gelir, türkçe bilir, eve gelir",1,https://picsum.photos/id/64/400/600,"Profesyonel, özenli ve güven veren bir yaklaşımla hizmet veriyorum. Ben Pınar, Kuşadası Merkez bölgesinde aktif olarak hizmet veriyorum. Otel veya merkezi buluşma noktalarında görüşmeyi tercih edebilirim; detayları önceden netleştiririz. Sunabildiğim özellikler arasında yabancı uyruklu, otel gelir, türkçe bilir, eve gelir yer alıyor. Özel isteklere açığım; beklentilerinizi dinleyip uygun bir program öneririm. Profilimi incelediyseniz bir mesaj bırakmanız yeterli; kısa sürede dönüş yaparım. Otel veya merkezi buluşma noktalarında görüşmeyi tercih edebilirim; detayları önceden netleştiririz. Randevularımı düzenli ve planlı yürütürüm; zamanına saygı benim için çok önemlidir. Özel isteklere açığım; beklentilerinizi dinleyip uygun bir program öneririm. Özel isteklere açığım; beklentilerinizi dinleyip uygun bir program öneririm.",Popüler
Tuğçe,33,"Kuşadası, Hacıfeyzullah",1250,0532 460 48 59,Kredi Kartı,"partner, 24 saat, otel gelir, yabancı uyruklu, eve gelir",0,https://picsum.photos/id/65/400/600,"Kuşadası'nda uzun süredir bulunuyorum; bölgeyi ve yaşam ritmini çok iyi biliyorum. Ben Tuğçe, Kuşadası Hacıfeyzullah bölgesinde aktif olarak hizmet veriyorum. Otel veya merkezi buluşma noktalarında görüşmeyi tercih edebilirim; detayları önceden netleştiririz. Sunabildiğim özellikler arasında partner, 24 saat, otel gelir, yabancı uyruklu yer alıyor. Sakin, enerjik veya romantik bir akşam — ne arıyorsanız birlikte planlayabiliriz. Profilimi incelediyseniz bir mesaj bırakmanız yeterli; kısa sürede dönüş yaparım. Güleryüzlü tavrım ve nezaketim sayesinde kısa sürede güven veren bir atmosfer kurarım. Özel isteklere açığım; beklentilerinizi dinleyip uygun bir program öneririm. Sakin, enerjik veya romantik bir akşam — ne arıyorsanız birlikte planlayabiliriz. Sohbet, gezinti, akşam yemeği veya sakin bir kahve molası gibi planları birlikte şekillendirebiliriz.",Merkez
Lale,32,"Kuşadası, Güzelçamlı",3950,0545 706 82 94,Kredi Kartı,"24 saat, partner, otel gelir",1,https://picsum.photos/id/66/400/600,"Kuşadası'nda uzun süredir bulunuyorum; bölgeyi ve yaşam ritmini çok iyi biliyorum. Ben Lale, Kuşadası Güzelçamlı bölgesinde aktif olarak hizmet veriyorum. İngilizce ve Türkçe iletişim kurabiliyorum; misafirlerimle rahat bir ortam oluşturuyorum. Sunabildiğim özellikler arasında 24 saat, partner, otel gelir yer alıyor. Sakin, enerjik veya romantik bir akşam — ne arıyorsanız birlikte planlayabiliriz. Profilimi incelediyseniz bir mesaj bırakmanız yeterli; kısa sürede dönüş yaparım. Sohbet, gezinti, akşam yemeği veya sakin bir kahve molası gibi planları birlikte şekillendirebiliriz. Güleryüzlü tavrım ve nezaketim sayesinde kısa sürede güven veren bir atmosfer kurarım. Özel isteklere açığım; beklentilerinizi dinleyip uygun bir program öneririm. Kuşadası'nın sahil şeridi, marina ve merkez noktalarında keyifli rotalar önerebilirim.",Yeni
Pınar 4,30,"Kuşadası, Türkmen",4100,0554 153 54 38,"Kredi Kartı, Kripto","partner, otel gelir, yabancı uyruklu, masaj",0,https://picsum.photos/id/101/400/600,"Kuşadası'nın enerjisini seven, sıcakkanlı ve güler yüzlü biriyim. Ben Pınar, Kuşadası Türkmen bölgesinde aktif olarak hizmet veriyorum. Sohbet, gezinti, akşam yemeği veya sakin bir kahve molası gibi planları birlikte şekillendirebiliriz. Sunabildiğim özellikler arasında partner, otel gelir, yabancı uyruklu, masaj yer alıyor. Otel veya merkezi buluşma noktalarında görüşmeyi tercih edebilirim; detayları önceden netleştiririz. Profilimi incelediyseniz bir mesaj bırakmanız yeterli; kısa sürede dönüş yaparım. Sohbet, gezinti, akşam yemeği veya sakin bir kahve molası gibi planları birlikte şekillendirebiliriz. İngilizce ve Türkçe iletişim kurabiliyorum; misafirlerimle rahat bir ortam oluşturuyorum. Otel veya merkezi buluşma noktalarında görüşmeyi tercih edebilirim; detayları önceden netleştiririz. İngilizce ve Türkçe iletişim kurabiliyorum; misafirlerimle rahat bir ortam oluşturuyorum.",Merkez
Zeynep 2,26,"Kuşadası, Yılancı Burnu",2900,0542 210 84 13,"Kredi Kartı, Kripto, Nakit","partner, eve gelir",0,https://picsum.photos/id/177/400/600,"Kuşadası'nda uzun süredir bulunuyorum; bölgeyi ve yaşam ritmini çok iyi biliyorum. Ben Zeynep, Kuşadası Yılancı Burnu bölgesinde aktif olarak hizmet veriyorum. Özel isteklere açığım; beklentilerinizi dinleyip uygun bir program öneririm. Sunabildiğim özellikler arasında partner, eve gelir yer alıyor. Otel veya merkezi buluşma noktalarında görüşmeyi tercih edebilirim; detayları önceden netleştiririz. Benimle iletişime geçerek uygun saat ve buluşma detaylarını kolayca ayarlayabilirsiniz. Otel veya merkezi buluşma noktalarında görüşmeyi tercih edebilirim; detayları önceden netleştiririz. Randevularımı düzenli ve planlı yürütürüm; zamanına saygı benim için çok önemlidir. Güleryüzlü tavrım ve nezaketim sayesinde kısa sürede güven veren bir atmosfer kurarım. Randevularımı düzenli ve planlı yürütürüm; zamanına saygı benim için çok önemlidir.",VIP
Melis 2,33,"Kuşadası, Camiatik",3700,0552 208 65 56,"Nakit, Kredi Kartı","partner, yabancı uyruklu",0,https://picsum.photos/id/338/400/600,"Her buluşmada özel hissettirmek ve kaliteli zaman geçirmek benim için öncelik. Ben Melis, Kuşadası Camiatik bölgesinde aktif olarak hizmet veriyorum. İngilizce ve Türkçe iletişim kurabiliyorum; misafirlerimle rahat bir ortam oluşturuyorum. Sunabildiğim özellikler arasında partner, yabancı uyruklu yer alıyor. Özel isteklere açığım; beklentilerinizi dinleyip uygun bir program öneririm. Profilimi incelediyseniz bir mesaj bırakmanız yeterli; kısa sürede dönüş yaparım. Güleryüzlü tavrım ve nezaketim sayesinde kısa sürede güven veren bir atmosfer kurarım. Sakin, enerjik veya romantik bir akşam — ne arıyorsanız birlikte planlayabiliriz. Sakin, enerjik veya romantik bir akşam — ne arıyorsanız birlikte planlayabiliriz. Özel isteklere açığım; beklentilerinizi dinleyip uygun bir program öneririm.",Popüler
Lale 2,22,"Kuşadası, Davutlar",2150,0552 317 55 43,"Nakit, Kredi Kartı","türkçe bilir, otel gelir, yabancı uyruklu, partner, masaj",0,https://picsum.photos/id/399/400/600,"İletişim gücüm yüksek; karşımdakini dinlemeyi ve iyi hissettirmeyi önemsiyorum. Ben Lale, Kuşadası Davutlar bölgesinde aktif olarak hizmet veriyorum. Sohbet, gezinti, akşam yemeği veya sakin bir kahve molası gibi planları birlikte şekillendirebiliriz. Sunabildiğim özellikler arasında türkçe bilir, otel gelir, yabancı uyruklu, partner yer alıyor. Otel veya merkezi buluşma noktalarında görüşmeyi tercih edebilirim; detayları önceden netleştiririz. Benimle iletişime geçerek uygun saat ve buluşma detaylarını kolayca ayarlayabilirsiniz. Otel veya merkezi buluşma noktalarında görüşmeyi tercih edebilirim; detayları önceden netleştiririz. Özel isteklere açığım; beklentilerinizi dinleyip uygun bir program öneririm. Sakin, enerjik veya romantik bir akşam — ne arıyorsanız birlikte planlayabiliriz. Otel veya merkezi buluşma noktalarında görüşmeyi tercih edebilirim; detayları önceden netleştiririz.",Merkez
Yasemin 2,35,"Kuşadası, Yavansu",2850,0555 477 70 80,Nakit,"eve gelir, yabancı uyruklu, partner, türkçe bilir",0,https://picsum.photos/id/433/400/600,"Kuşadası'nda uzun süredir bulunuyorum; bölgeyi ve yaşam ritmini çok iyi biliyorum. Ben Yasemin, Kuşadası Yavansu bölgesinde aktif olarak hizmet veriyorum. Kuşadası'nın sahil şeridi, marina ve merkez noktalarında keyifli rotalar önerebilirim. Sunabildiğim özellikler arasında eve gelir, yabancı uyruklu, partner, türkçe bilir yer alıyor. Kuşadası'nın sahil şeridi, marina ve merkez noktalarında keyifli rotalar önerebilirim. Kuşadası'nda unutulmaz bir arkadaşlık deneyimi için sabırsızlanıyorum. Güleryüzlü tavrım ve nezaketim sayesinde kısa sürede güven veren bir atmosfer kurarım. Güleryüzlü tavrım ve nezaketim sayesinde kısa sürede güven veren bir atmosfer kurarım. Güleryüzlü tavrım ve nezaketim sayesinde kısa sürede güven veren bir atmosfer kurarım. Otel veya merkezi buluşma noktalarında görüşmeyi tercih edebilirim; detayları önceden netleştiririz.",VIP
Hale 2,23,"Kuşadası, Türkmen",4050,0555 878 77 86,"Kripto, Nakit, Kredi Kartı","masaj, yabancı uyruklu, türkçe bilir",0,https://picsum.photos/id/447/400/600,"Yeni insanlarla tanışmayı, samimi sohbetleri ve keyifli anları paylaşmayı seviyorum. Ben Hale, Kuşadası Türkmen bölgesinde aktif olarak hizmet veriyorum. Otel veya merkezi buluşma noktalarında görüşmeyi tercih edebilirim; detayları önceden netleştiririz. Sunabildiğim özellikler arasında masaj, yabancı uyruklu, türkçe bilir yer alıyor. Güleryüzlü tavrım ve nezaketim sayesinde kısa sürede güven veren bir atmosfer kurarım. Profilimi incelediyseniz bir mesaj bırakmanız yeterli; kısa sürede dönüş yaparım. Kuşadası'nın sahil şeridi, marina ve merkez noktalarında keyifli rotalar önerebilirim. İngilizce ve Türkçe iletişim kurabiliyorum; misafirlerimle rahat bir ortam oluşturuyorum. Güleryüzlü tavrım ve nezaketim sayesinde kısa sürede güven veren bir atmosfer kurarım. Sohbet, gezinti, akşam yemeği veya sakin bir kahve molası gibi planları birlikte şekillendirebiliriz.",Yeni
Jale 4,21,"Kuşadası, Kadınlar Denizi",3250,0552 551 53 33,"Kripto, Nakit","otel gelir, partner, 24 saat, türkçe bilir, eve gelir",0,https://picsum.photos/id/453/400/600,"İletişim gücüm yüksek; karşımdakini dinlemeyi ve iyi hissettirmeyi önemsiyorum. Ben Jale, Kuşadası Kadınlar Denizi bölgesinde aktif olarak hizmet veriyorum. Sakin, enerjik veya romantik bir akşam — ne arıyorsanız birlikte planlayabiliriz. Sunabildiğim özellikler arasında otel gelir, partner, 24 saat, türkçe bilir yer alıyor. Randevularımı düzenli ve planlı yürütürüm; zamanına saygı benim için çok önemlidir. Benimle iletişime geçerek uygun saat ve buluşma detaylarını kolayca ayarlayabilirsiniz. Özel isteklere açığım; beklentilerinizi dinleyip uygun bir program öneririm. Sakin, enerjik veya romantik bir akşam — ne arıyorsanız birlikte planlayabiliriz. Randevularımı düzenli ve planlı yürütürüm; zamanına saygı benim için çok önemlidir. Sohbet, gezinti, akşam yemeği veya sakin bir kahve molası gibi planları birlikte şekillendirebiliriz.",Yeni
Funda 2,29,"Kuşadası, Karaova",1350,0545 561 66 48,Nakit,"24 saat, partner, masaj, eve gelir, türkçe bilir",0,https://picsum.photos/id/475/400/600,"Kuşadası'nda uzun süredir bulunuyorum; bölgeyi ve yaşam ritmini çok iyi biliyorum. Ben Funda, Kuşadası Karaova bölgesinde aktif olarak hizmet veriyorum. Güleryüzlü tavrım ve nezaketim sayesinde kısa sürede güven veren bir atmosfer kurarım. Sunabildiğim özellikler arasında 24 saat, partner, masaj, eve gelir yer alıyor. Sohbet, gezinti, akşam yemeği veya sakin bir kahve molası gibi planları birlikte şekillendirebiliriz. Güven, gizlilik ve samimiyet benim için her zaman ön plandadır. Randevularımı düzenli ve planlı yürütürüm; zamanına saygı benim için çok önemlidir. Otel veya merkezi buluşma noktalarında görüşmeyi tercih edebilirim; detayları önceden netleştiririz. Otel veya merkezi buluşma noktalarında görüşmeyi tercih edebilirim; detayları önceden netleştiririz. Güleryüzlü tavrım ve nezaketim sayesinde kısa sürede güven veren bir atmosfer kurarım.",VIP
Gamze,25,"Kuşadası, Davutlar",3250,0556 581 47 14,Nakit,"yabancı uyruklu, partner",1,https://picsum.photos/id/536/400/600,"İletişim gücüm yüksek; karşımdakini dinlemeyi ve iyi hissettirmeyi önemsiyorum. Ben Gamze, Kuşadası Davutlar bölgesinde aktif olarak hizmet veriyorum. Sakin, enerjik veya romantik bir akşam — ne arıyorsanız birlikte planlayabiliriz. Sunabildiğim özellikler arasında yabancı uyruklu, partner yer alıyor. Randevularımı düzenli ve planlı yürütürüm; zamanına saygı benim için çok önemlidir. Profilimi incelediyseniz bir mesaj bırakmanız yeterli; kısa sürede dönüş yaparım. Güleryüzlü tavrım ve nezaketim sayesinde kısa sürede güven veren bir atmosfer kurarım. Otel veya merkezi buluşma noktalarında görüşmeyi tercih edebilirim; detayları önceden netleştiririz. Özel isteklere açığım; beklentilerinizi dinleyip uygun bir program öneririm. Randevularımı düzenli ve planlı yürütürüm; zamanına saygı benim için çok önemlidir.",Yeni
Yasemin 3,28,"Kuşadası, Güvercinada",4400,0556 866 82 46,Nakit,"eve gelir, türkçe bilir",0,https://picsum.photos/id/548/400/600,"Her buluşmada özel hissettirmek ve kaliteli zaman geçirmek benim için öncelik. Ben Yasemin, Kuşadası Güvercinada bölgesinde aktif olarak hizmet veriyorum. Güleryüzlü tavrım ve nezaketim sayesinde kısa sürede güven veren bir atmosfer kurarım. Sunabildiğim özellikler arasında eve gelir, türkçe bilir yer alıyor. Özel isteklere açığım; beklentilerinizi dinleyip uygun bir program öneririm. Kaliteli ve saygılı bir deneyim arıyorsanız doğru yerdesiniz. Sakin, enerjik veya romantik bir akşam — ne arıyorsanız birlikte planlayabiliriz. Sakin, enerjik veya romantik bir akşam — ne arıyorsanız birlikte planlayabiliriz. Randevularımı düzenli ve planlı yürütürüm; zamanına saygı benim için çok önemlidir. Sohbet, gezinti, akşam yemeği veya sakin bir kahve molası gibi planları birlikte şekillendirebiliriz.",Merkez
Lale 3,28,"Kuşadası, Karaova",1100,0541 690 15 32,Nakit,"partner, masaj",0,https://picsum.photos/id/550/400/600,"Her buluşmada özel hissettirmek ve kaliteli zaman geçirmek benim için öncelik. Ben Lale, Kuşadası Karaova bölgesinde aktif olarak hizmet veriyorum. Güleryüzlü tavrım ve nezaketim sayesinde kısa sürede güven veren bir atmosfer kurarım. Sunabildiğim özellikler arasında partner, masaj yer alıyor. İngilizce ve Türkçe iletişim kurabiliyorum; misafirlerimle rahat bir ortam oluşturuyorum. Güven, gizlilik ve samimiyet benim için her zaman ön plandadır. Özel isteklere açığım; beklentilerinizi dinleyip uygun bir program öneririm. Sakin, enerjik veya romantik bir akşam — ne arıyorsanız birlikte planlayabiliriz. Randevularımı düzenli ve planlı yürütürüm; zamanına saygı benim için çok önemlidir. Sakin, enerjik veya romantik bir akşam — ne arıyorsanız birlikte planlayabiliriz.",Popüler
Özge 2,30,"Kuşadası, Türkmen",3750,0545 933 80 14,Nakit,"yabancı uyruklu, masaj, partner, türkçe bilir",0,https://picsum.photos/id/582/400/600,"Zarif, bakımlı ve pozitif enerjisiyle öne çıkan bir profil sunuyorum. Ben Özge, Kuşadası Türkmen bölgesinde aktif olarak hizmet veriyorum. Güleryüzlü tavrım ve nezaketim sayesinde kısa sürede güven veren bir atmosfer kurarım. Sunabildiğim özellikler arasında yabancı uyruklu, masaj, partner, türkçe bilir yer alıyor. Kuşadası'nın sahil şeridi, marina ve merkez noktalarında keyifli rotalar önerebilirim. Benimle iletişime geçerek uygun saat ve buluşma detaylarını kolayca ayarlayabilirsiniz. Özel isteklere açığım; beklentilerinizi dinleyip uygun bir program öneririm. Sohbet, gezinti, akşam yemeği veya sakin bir kahve molası gibi planları birlikte şekillendirebiliriz. Sakin, enerjik veya romantik bir akşam — ne arıyorsanız birlikte planlayabiliriz. Özel isteklere açığım; beklentilerinizi dinleyip uygun bir program öneririm.",VIP
Hale 3,31,"Kuşadası, Camiatik",3550,0554 234 46 66,"Kripto, Kredi Kartı","eve gelir, türkçe bilir",0,https://picsum.photos/id/593/400/600,"Her buluşmada özel hissettirmek ve kaliteli zaman geçirmek benim için öncelik. Ben Hale, Kuşadası Camiatik bölgesinde aktif olarak hizmet veriyorum. Randevularımı düzenli ve planlı yürütürüm; zamanına saygı benim için çok önemlidir. Sunabildiğim özellikler arasında eve gelir, türkçe bilir yer alıyor. Sohbet, gezinti, akşam yemeği veya sakin bir kahve molası gibi planları birlikte şekillendirebiliriz. Güven, gizlilik ve samimiyet benim için her zaman ön plandadır. Otel veya merkezi buluşma noktalarında görüşmeyi tercih edebilirim; detayları önceden netleştiririz. İngilizce ve Türkçe iletişim kurabiliyorum; misafirlerimle rahat bir ortam oluşturuyorum. Güleryüzlü tavrım ve nezaketim sayesinde kısa sürede güven veren bir atmosfer kurarım. Sohbet, gezinti, akşam yemeği veya sakin bir kahve molası gibi planları birlikte şekillendirebiliriz.",Merkez
Derya,23,"Kuşadası, Davutlar",2900,0553 822 44 63,Kripto,"yabancı uyruklu, masaj, türkçe bilir",0,https://picsum.photos/id/597/400/600,"Her buluşmada özel hissettirmek ve kaliteli zaman geçirmek benim için öncelik. Ben Derya, Kuşadası Davutlar bölgesinde aktif olarak hizmet veriyorum. Otel veya merkezi buluşma noktalarında görüşmeyi tercih edebilirim; detayları önceden netleştiririz. Sunabildiğim özellikler arasında yabancı uyruklu, masaj, türkçe bilir yer alıyor. Sakin, enerjik veya romantik bir akşam — ne arıyorsanız birlikte planlayabiliriz. Güven, gizlilik ve samimiyet benim için her zaman ön plandadır. İngilizce ve Türkçe iletişim kurabiliyorum; misafirlerimle rahat bir ortam oluşturuyorum. Özel isteklere açığım; beklentilerinizi dinleyip uygun bir program öneririm. Otel veya merkezi buluşma noktalarında görüşmeyi tercih edebilirim; detayları önceden netleştiririz. İngilizce ve Türkçe iletişim kurabiliyorum; misafirlerimle rahat bir ortam oluşturuyorum.",VIP
Jale 5,30,"Kuşadası, Cumhuriyet",4850,0536 557 78 71,"Kredi Kartı, Nakit, Kripto","partner, 24 saat, masaj, yabancı uyruklu",0,https://picsum.photos/id/638/400/600,"Kuşadası'nda uzun süredir bulunuyorum; bölgeyi ve yaşam ritmini çok iyi biliyorum. Ben Jale, Kuşadası Cumhuriyet bölgesinde aktif olarak hizmet veriyorum. Sakin, enerjik veya romantik bir akşam — ne arıyorsanız birlikte planlayabiliriz. Sunabildiğim özellikler arasında partner, 24 saat, masaj, yabancı uyruklu yer alıyor. Kuşadası'nın sahil şeridi, marina ve merkez noktalarında keyifli rotalar önerebilirim. Profilimi incelediyseniz bir mesaj bırakmanız yeterli; kısa sürede dönüş yaparım. Otel veya merkezi buluşma noktalarında görüşmeyi tercih edebilirim; detayları önceden netleştiririz. Özel isteklere açığım; beklentilerinizi dinleyip uygun bir program öneririm. Otel veya merkezi buluşma noktalarında görüşmeyi tercih edebilirim; detayları önceden netleştiririz. Özel isteklere açığım; beklentilerinizi dinleyip uygun bir program öneririm.",VIP
Lale 4,35,"Kuşadası, Yavansu",3900,0551 202 77 68,"Kredi Kartı, Nakit","otel gelir, eve gelir, 24 saat, türkçe bilir, partner",1,https://picsum.photos/id/659/400/600,"Profesyonel, özenli ve güven veren bir yaklaşımla hizmet veriyorum. Ben Lale, Kuşadası Yavansu bölgesinde aktif olarak hizmet veriyorum. Özel isteklere açığım; beklentilerinizi dinleyip uygun bir program öneririm. Sunabildiğim özellikler arasında otel gelir, eve gelir, 24 saat, türkçe bilir yer alıyor. İngilizce ve Türkçe iletişim kurabiliyorum; misafirlerimle rahat bir ortam oluşturuyorum. Benimle iletişime geçerek uygun saat ve buluşma detaylarını kolayca ayarlayabilirsiniz. Sakin, enerjik veya romantik bir akşam — ne arıyorsanız birlikte planlayabiliriz. Güleryüzlü tavrım ve nezaketim sayesinde kısa sürede güven veren bir atmosfer kurarım. Kuşadası'nın sahil şeridi, marina ve merkez noktalarında keyifli rotalar önerebilirim. Özel isteklere açığım; beklentilerinizi dinleyip uygun bir program öneririm.",VIP
Lale 5,32,"Kuşadası, Güzelçamlı",4900,0539 746 97 46,"Kripto, Kredi Kartı","24 saat, otel gelir",0,https://picsum.photos/id/675/400/600,"Yeni insanlarla tanışmayı, samimi sohbetleri ve keyifli anları paylaşmayı seviyorum. Ben Lale, Kuşadası Güzelçamlı bölgesinde aktif olarak hizmet veriyorum. Özel isteklere açığım; beklentilerinizi dinleyip uygun bir program öneririm. Sunabildiğim özellikler arasında 24 saat, otel gelir yer alıyor. Randevularımı düzenli ve planlı yürütürüm; zamanına saygı benim için çok önemlidir. Benimle iletişime geçerek uygun saat ve buluşma detaylarını kolayca ayarlayabilirsiniz. Sakin, enerjik veya romantik bir akşam — ne arıyorsanız birlikte planlayabiliriz. İngilizce ve Türkçe iletişim kurabiliyorum; misafirlerimle rahat bir ortam oluşturuyorum. Güleryüzlü tavrım ve nezaketim sayesinde kısa sürede güven veren bir atmosfer kurarım. Sohbet, gezinti, akşam yemeği veya sakin bir kahve molası gibi planları birlikte şekillendirebiliriz.",VIP
Lale 6,29,"Kuşadası, Kadınlar Denizi",2450,0537 274 32 20,"Kredi Kartı, Nakit","24 saat, yabancı uyruklu, partner",0,https://picsum.photos/id/64/400/600,"Kuşadası'nda uzun süredir bulunuyorum; bölgeyi ve yaşam ritmini çok iyi biliyorum. Ben Lale, Kuşadası Kadınlar Denizi bölgesinde aktif olarak hizmet veriyorum. Otel veya merkezi buluşma noktalarında görüşmeyi tercih edebilirim; detayları önceden netleştiririz. Sunabildiğim özellikler arasında 24 saat, yabancı uyruklu, partner yer alıyor. Sakin, enerjik veya romantik bir akşam — ne arıyorsanız birlikte planlayabiliriz. Güven, gizlilik ve samimiyet benim için her zaman ön plandadır. İngilizce ve Türkçe iletişim kurabiliyorum; misafirlerimle rahat bir ortam oluşturuyorum. Otel veya merkezi buluşma noktalarında görüşmeyi tercih edebilirim; detayları önceden netleştiririz. Sakin, enerjik veya romantik bir akşam — ne arıyorsanız birlikte planlayabiliriz. Güleryüzlü tavrım ve nezaketim sayesinde kısa sürede güven veren bir atmosfer kurarım.",Merkez
Jale 6,20,"Kuşadası, Güzelçamlı",4700,0555 406 91 64,"Kredi Kartı, Nakit","yabancı uyruklu, türkçe bilir",0,https://picsum.photos/id/65/400/600,"Her buluşmada özel hissettirmek ve kaliteli zaman geçirmek benim için öncelik. Ben Jale, Kuşadası Güzelçamlı bölgesinde aktif olarak hizmet veriyorum. Güleryüzlü tavrım ve nezaketim sayesinde kısa sürede güven veren bir atmosfer kurarım. Sunabildiğim özellikler arasında yabancı uyruklu, türkçe bilir yer alıyor. Otel veya merkezi buluşma noktalarında görüşmeyi tercih edebilirim; detayları önceden netleştiririz. Kuşadası'nda unutulmaz bir arkadaşlık deneyimi için sabırsızlanıyorum. Sakin, enerjik veya romantik bir akşam — ne arıyorsanız birlikte planlayabiliriz. Randevularımı düzenli ve planlı yürütürüm; zamanına saygı benim için çok önemlidir. Otel veya merkezi buluşma noktalarında görüşmeyi tercih edebilirim; detayları önceden netleştiririz. Özel isteklere açığım; beklentilerinizi dinleyip uygun bir program öneririm.",Popüler
Umay 3,29,"Kuşadası, Merkez",1100,0552 952 46 39,"Kredi Kartı, Kripto, Nakit","24 saat, masaj",0,https://picsum.photos/id/66/400/600,"Zarif, bakımlı ve pozitif enerjisiyle öne çıkan bir profil sunuyorum. Ben Umay, Kuşadası Merkez bölgesinde aktif olarak hizmet veriyorum. Otel veya merkezi buluşma noktalarında görüşmeyi tercih edebilirim; detayları önceden netleştiririz. Sunabildiğim özellikler arasında 24 saat, masaj yer alıyor. Otel veya merkezi buluşma noktalarında görüşmeyi tercih edebilirim; detayları önceden netleştiririz. Güven, gizlilik ve samimiyet benim için her zaman ön plandadır. Güleryüzlü tavrım ve nezaketim sayesinde kısa sürede güven veren bir atmosfer kurarım. İngilizce ve Türkçe iletişim kurabiliyorum; misafirlerimle rahat bir ortam oluşturuyorum. Randevularımı düzenli ve planlı yürütürüm; zamanına saygı benim için çok önemlidir. Sohbet, gezinti, akşam yemeği veya sakin bir kahve molası gibi planları birlikte şekillendirebiliriz.",Popüler
Pınar 5,31,"Kuşadası, Kadınlar Denizi",4000,0538 235 79 56,Nakit,"türkçe bilir, masaj, yabancı uyruklu, eve gelir",0,https://picsum.photos/id/101/400/600,"İletişim gücüm yüksek; karşımdakini dinlemeyi ve iyi hissettirmeyi önemsiyorum. Ben Pınar, Kuşadası Kadınlar Denizi bölgesinde aktif olarak hizmet veriyorum. İngilizce ve Türkçe iletişim kurabiliyorum; misafirlerimle rahat bir ortam oluşturuyorum. Sunabildiğim özellikler arasında türkçe bilir, masaj, yabancı uyruklu, eve gelir yer alıyor. Güleryüzlü tavrım ve nezaketim sayesinde kısa sürede güven veren bir atmosfer kurarım. Kuşadası'nda unutulmaz bir arkadaşlık deneyimi için sabırsızlanıyorum. Güleryüzlü tavrım ve nezaketim sayesinde kısa sürede güven veren bir atmosfer kurarım. Kuşadası'nın sahil şeridi, marina ve merkez noktalarında keyifli rotalar önerebilirim. Randevularımı düzenli ve planlı yürütürüm; zamanına saygı benim için çok önemlidir. Sakin, enerjik veya romantik bir akşam — ne arıyorsanız birlikte planlayabiliriz.",VIP
Funda 3,32,"Kuşadası, Davutlar",4950,0535 565 57 96,"Kredi Kartı, Nakit, Kripto","türkçe bilir, 24 saat",0,https://picsum.photos/id/177/400/600,"İletişim gücüm yüksek; karşımdakini dinlemeyi ve iyi hissettirmeyi önemsiyorum. Ben Funda, Kuşadası Davutlar bölgesinde aktif olarak hizmet veriyorum. Özel isteklere açığım; beklentilerinizi dinleyip uygun bir program öneririm. Sunabildiğim özellikler arasında türkçe bilir, 24 saat yer alıyor. Kuşadası'nın sahil şeridi, marina ve merkez noktalarında keyifli rotalar önerebilirim. Benimle iletişime geçerek uygun saat ve buluşma detaylarını kolayca ayarlayabilirsiniz. Otel veya merkezi buluşma noktalarında görüşmeyi tercih edebilirim; detayları önceden netleştiririz. Sakin, enerjik veya romantik bir akşam — ne arıyorsanız birlikte planlayabiliriz. Sohbet, gezinti, akşam yemeği veya sakin bir kahve molası gibi planları birlikte şekillendirebiliriz. Kuşadası'nın sahil şeridi, marina ve merkez noktalarında keyifli rotalar önerebilirim.",Yeni
Yasemin 4,34,"Kuşadası, Yılancı Burnu",4700,0552 218 22 40,"Kredi Kartı, Kripto, Nakit","otel gelir, partner, türkçe bilir",0,https://picsum.photos/id/338/400/600,"Profesyonel, özenli ve güven veren bir yaklaşımla hizmet veriyorum. Ben Yasemin, Kuşadası Yılancı Burnu bölgesinde aktif olarak hizmet veriyorum. Özel isteklere açığım; beklentilerinizi dinleyip uygun bir program öneririm. Sunabildiğim özellikler arasında otel gelir, partner, türkçe bilir yer alıyor. Sakin, enerjik veya romantik bir akşam — ne arıyorsanız birlikte planlayabiliriz. Kaliteli ve saygılı bir deneyim arıyorsanız doğru yerdesiniz. Özel isteklere açığım; beklentilerinizi dinleyip uygun bir program öneririm. İngilizce ve Türkçe iletişim kurabiliyorum; misafirlerimle rahat bir ortam oluşturuyorum. Özel isteklere açığım; beklentilerinizi dinleyip uygun bir program öneririm. Randevularımı düzenli ve planlı yürütürüm; zamanına saygı benim için çok önemlidir. Sakin, enerjik veya romantik bir akşam — ne arıyorsanız birlikte planlayabiliriz.",Merkez
Jale 7,31,"Kuşadası, Kadınlar Denizi",1900,0533 507 45 34,"Kredi Kartı, Nakit","otel gelir, masaj, türkçe bilir, 24 saat",0,https://picsum.photos/id/399/400/600,"Her buluşmada özel hissettirmek ve kaliteli zaman geçirmek benim için öncelik. Ben Jale, Kuşadası Kadınlar Denizi bölgesinde aktif olarak hizmet veriyorum. Randevularımı düzenli ve planlı yürütürüm; zamanına saygı benim için çok önemlidir. Sunabildiğim özellikler arasında otel gelir, masaj, türkçe bilir, 24 saat yer alıyor. Otel veya merkezi buluşma noktalarında görüşmeyi tercih edebilirim; detayları önceden netleştiririz. Güven, gizlilik ve samimiyet benim için her zaman ön plandadır. Sohbet, gezinti, akşam yemeği veya sakin bir kahve molası gibi planları birlikte şekillendirebiliriz. Sohbet, gezinti, akşam yemeği veya sakin bir kahve molası gibi planları birlikte şekillendirebiliriz. Kuşadası'nın sahil şeridi, marina ve merkez noktalarında keyifli rotalar önerebilirim.",Yeni
Funda 4,26,"Kuşadası, Karaova",1300,0541 979 28 26,"Nakit, Kripto, Kredi Kartı","partner, eve gelir, 24 saat, otel gelir",0,https://picsum.photos/id/433/400/600,"Profesyonel, özenli ve güven veren bir yaklaşımla hizmet veriyorum. Ben Funda, Kuşadası Karaova bölgesinde aktif olarak hizmet veriyorum. Randevularımı düzenli ve planlı yürütürüm; zamanına saygı benim için çok önemlidir. Sunabildiğim özellikler arasında partner, eve gelir, 24 saat, otel gelir yer alıyor. Sohbet, gezinti, akşam yemeği veya sakin bir kahve molası gibi planları birlikte şekillendirebiliriz. Profilimi incelediyseniz bir mesaj bırakmanız yeterli; kısa sürede dönüş yaparım. Sohbet, gezinti, akşam yemeği veya sakin bir kahve molası gibi planları birlikte şekillendirebiliriz. Kuşadası'nın sahil şeridi, marina ve merkez noktalarında keyifli rotalar önerebilirim. Otel veya merkezi buluşma noktalarında görüşmeyi tercih edebilirim; detayları önceden netleştiririz. Kuşadası'nın sahil şeridi, marina ve merkez noktalarında keyifli rotalar önerebilirim.",VIP
Gamze 2,21,"Kuşadası, Merkez",1500,0553 326 88 15,"Kredi Kartı, Nakit, Kripto","yabancı uyruklu, türkçe bilir, 24 saat, otel gelir, eve gelir",0,https://picsum.photos/id/447/400/600,"İletişim gücüm yüksek; karşımdakini dinlemeyi ve iyi hissettirmeyi önemsiyorum. Ben Gamze, Kuşadası Merkez bölgesinde aktif olarak hizmet veriyorum. Sakin, enerjik veya romantik bir akşam — ne arıyorsanız birlikte planlayabiliriz. Sunabildiğim özellikler arasında yabancı uyruklu, türkçe bilir, 24 saat, otel gelir yer alıyor. Sohbet, gezinti, akşam yemeği veya sakin bir kahve molası gibi planları birlikte şekillendirebiliriz. Benimle iletişime geçerek uygun saat ve buluşma detaylarını kolayca ayarlayabilirsiniz. Sakin, enerjik veya romantik bir akşam — ne arıyorsanız birlikte planlayabiliriz. Özel isteklere açığım; beklentilerinizi dinleyip uygun bir program öneririm. Özel isteklere açığım; beklentilerinizi dinleyip uygun bir program öneririm. Randevularımı düzenli ve planlı yürütürüm; zamanına saygı benim için çok önemlidir.",Merkez
Pınar 6,22,"Kuşadası, Yılancı Burnu",2300,0545 711 77 47,"Nakit, Kripto, Kredi Kartı","24 saat, masaj, partner, türkçe bilir",0,https://picsum.photos/id/453/400/600,"Kuşadası'nda uzun süredir bulunuyorum; bölgeyi ve yaşam ritmini çok iyi biliyorum. Ben Pınar, Kuşadası Yılancı Burnu bölgesinde aktif olarak hizmet veriyorum. Randevularımı düzenli ve planlı yürütürüm; zamanına saygı benim için çok önemlidir. Sunabildiğim özellikler arasında 24 saat, masaj, partner, türkçe bilir yer alıyor. Randevularımı düzenli ve planlı yürütürüm; zamanına saygı benim için çok önemlidir. Güven, gizlilik ve samimiyet benim için her zaman ön plandadır. Otel veya merkezi buluşma noktalarında görüşmeyi tercih edebilirim; detayları önceden netleştiririz. Özel isteklere açığım; beklentilerinizi dinleyip uygun bir program öneririm. Sakin, enerjik veya romantik bir akşam — ne arıyorsanız birlikte planlayabiliriz. Otel veya merkezi buluşma noktalarında görüşmeyi tercih edebilirim; detayları önceden netleştiririz.",Merkez
Lale 7,32,"Kuşadası, Hacıfeyzullah",2700,0552 168 21 20,"Nakit, Kredi Kartı, Kripto","masaj, türkçe bilir, partner, eve gelir",1,https://picsum.photos/id/475/400/600,"Yeni insanlarla tanışmayı, samimi sohbetleri ve keyifli anları paylaşmayı seviyorum. Ben Lale, Kuşadası Hacıfeyzullah bölgesinde aktif olarak hizmet veriyorum. Kuşadası'nın sahil şeridi, marina ve merkez noktalarında keyifli rotalar önerebilirim. Sunabildiğim özellikler arasında masaj, türkçe bilir, partner, eve gelir yer alıyor. İngilizce ve Türkçe iletişim kurabiliyorum; misafirlerimle rahat bir ortam oluşturuyorum. Güven, gizlilik ve samimiyet benim için her zaman ön plandadır. Sohbet, gezinti, akşam yemeği veya sakin bir kahve molası gibi planları birlikte şekillendirebiliriz. Kuşadası'nın sahil şeridi, marina ve merkez noktalarında keyifli rotalar önerebilirim. Randevularımı düzenli ve planlı yürütürüm; zamanına saygı benim için çok önemlidir. Özel isteklere açığım; beklentilerinizi dinleyip uygun bir program öneririm.",Popüler
Zeynep 3,21,"Kuşadası, Cumhuriyet",4950,0536 772 71 38,"Kripto, Kredi Kartı","otel gelir, 24 saat, masaj, eve gelir",0,https://picsum.photos/id/536/400/600,"Zarif, bakımlı ve pozitif enerjisiyle öne çıkan bir profil sunuyorum. Ben Zeynep, Kuşadası Cumhuriyet bölgesinde aktif olarak hizmet veriyorum. Kuşadası'nın sahil şeridi, marina ve merkez noktalarında keyifli rotalar önerebilirim. Sunabildiğim özellikler arasında otel gelir, 24 saat, masaj, eve gelir yer alıyor. Randevularımı düzenli ve planlı yürütürüm; zamanına saygı benim için çok önemlidir. Kaliteli ve saygılı bir deneyim arıyorsanız doğru yerdesiniz. Otel veya merkezi buluşma noktalarında görüşmeyi tercih edebilirim; detayları önceden netleştiririz. Özel isteklere açığım; beklentilerinizi dinleyip uygun bir program öneririm. Sohbet, gezinti, akşam yemeği veya sakin bir kahve molası gibi planları birlikte şekillendirebiliriz. Güleryüzlü tavrım ve nezaketim sayesinde kısa sürede güven veren bir atmosfer kurarım.",VIP
Gamze 3,29,"Kuşadası, Merkez",4750,0545 171 28 91,"Kredi Kartı, Nakit","partner, eve gelir, 24 saat",0,https://picsum.photos/id/548/400/600,"Yeni insanlarla tanışmayı, samimi sohbetleri ve keyifli anları paylaşmayı seviyorum. Ben Gamze, Kuşadası Merkez bölgesinde aktif olarak hizmet veriyorum. Otel veya merkezi buluşma noktalarında görüşmeyi tercih edebilirim; detayları önceden netleştiririz. Sunabildiğim özellikler arasında partner, eve gelir, 24 saat yer alıyor. Özel isteklere açığım; beklentilerinizi dinleyip uygun bir program öneririm. Kuşadası'nda unutulmaz bir arkadaşlık deneyimi için sabırsızlanıyorum. Sakin, enerjik veya romantik bir akşam — ne arıyorsanız birlikte planlayabiliriz. Kuşadası'nın sahil şeridi, marina ve merkez noktalarında keyifli rotalar önerebilirim. İngilizce ve Türkçe iletişim kurabiliyorum; misafirlerimle rahat bir ortam oluşturuyorum. Kuşadası'nın sahil şeridi, marina ve merkez noktalarında keyifli rotalar önerebilirim. Güleryüzlü tavrım ve nezaketim sayesinde kısa sürede güven veren bir atmosfer kurarım.",Popüler
Umay 4,22,"Kuşadası, Karaova",4600,0534 378 66 94,Nakit,"partner, 24 saat, otel gelir",0,https://picsum.photos/id/550/400/600,"Her buluşmada özel hissettirmek ve kaliteli zaman geçirmek benim için öncelik. Ben Umay, Kuşadası Karaova bölgesinde aktif olarak hizmet veriyorum. Özel isteklere açığım; beklentilerinizi dinleyip uygun bir program öneririm. Sunabildiğim özellikler arasında partner, 24 saat, otel gelir yer alıyor. Güleryüzlü tavrım ve nezaketim sayesinde kısa sürede güven veren bir atmosfer kurarım. Profilimi incelediyseniz bir mesaj bırakmanız yeterli; kısa sürede dönüş yaparım. Randevularımı düzenli ve planlı yürütürüm; zamanına saygı benim için çok önemlidir. Kuşadası'nın sahil şeridi, marina ve merkez noktalarında keyifli rotalar önerebilirim. Özel isteklere açığım; beklentilerinizi dinleyip uygun bir program öneririm. Randevularımı düzenli ve planlı yürütürüm; zamanına saygı benim için çok önemlidir.",Popüler
Zeynep 4,35,"Kuşadası, Güzelçamlı",3150,0538 885 27 42,"Kredi Kartı, Nakit, Kripto","24 saat, otel gelir, masaj, eve gelir, yabancı uyruklu",0,https://picsum.photos/id/582/400/600,"Yeni insanlarla tanışmayı, samimi sohbetleri ve keyifli anları paylaşmayı seviyorum. Ben Zeynep, Kuşadası Güzelçamlı bölgesinde aktif olarak hizmet veriyorum. Sohbet, gezinti, akşam yemeği veya sakin bir kahve molası gibi planları birlikte şekillendirebiliriz. Sunabildiğim özellikler arasında 24 saat, otel gelir, masaj, eve gelir yer alıyor. Sakin, enerjik veya romantik bir akşam — ne arıyorsanız birlikte planlayabiliriz. Kuşadası'nda unutulmaz bir arkadaşlık deneyimi için sabırsızlanıyorum. İngilizce ve Türkçe iletişim kurabiliyorum; misafirlerimle rahat bir ortam oluşturuyorum. İngilizce ve Türkçe iletişim kurabiliyorum; misafirlerimle rahat bir ortam oluşturuyorum. Özel isteklere açığım; beklentilerinizi dinleyip uygun bir program öneririm. Otel veya merkezi buluşma noktalarında görüşmeyi tercih edebilirim; detayları önceden netleştiririz.",Popüler
Derya 2,21,"Kuşadası, Cumhuriyet",2800,0555 539 83 61,Kredi Kartı,"partner, türkçe bilir",0,https://picsum.photos/id/593/400/600,"Kuşadası'nda uzun süredir bulunuyorum; bölgeyi ve yaşam ritmini çok iyi biliyorum. Ben Derya, Kuşadası Cumhuriyet bölgesinde aktif olarak hizmet veriyorum. Güleryüzlü tavrım ve nezaketim sayesinde kısa sürede güven veren bir atmosfer kurarım. Sunabildiğim özellikler arasında partner, türkçe bilir yer alıyor. Randevularımı düzenli ve planlı yürütürüm; zamanına saygı benim için çok önemlidir. Kuşadası'nda unutulmaz bir arkadaşlık deneyimi için sabırsızlanıyorum. Sohbet, gezinti, akşam yemeği veya sakin bir kahve molası gibi planları birlikte şekillendirebiliriz. Kuşadası'nın sahil şeridi, marina ve merkez noktalarında keyifli rotalar önerebilirim. İngilizce ve Türkçe iletişim kurabiliyorum; misafirlerimle rahat bir ortam oluşturuyorum. Sakin, enerjik veya romantik bir akşam — ne arıyorsanız birlikte planlayabiliriz.",Popüler
Derya 3,23,"Kuşadası, Cumhuriyet",2000,0543 326 52 31,"Kripto, Kredi Kartı","yabancı uyruklu, türkçe bilir",1,https://picsum.photos/id/597/400/600,"Yeni insanlarla tanışmayı, samimi sohbetleri ve keyifli anları paylaşmayı seviyorum. Ben Derya, Kuşadası Cumhuriyet bölgesinde aktif olarak hizmet veriyorum. Otel veya merkezi buluşma noktalarında görüşmeyi tercih edebilirim; detayları önceden netleştiririz. Sunabildiğim özellikler arasında yabancı uyruklu, türkçe bilir yer alıyor. Kuşadası'nın sahil şeridi, marina ve merkez noktalarında keyifli rotalar önerebilirim. Kaliteli ve saygılı bir deneyim arıyorsanız doğru yerdesiniz. İngilizce ve Türkçe iletişim kurabiliyorum; misafirlerimle rahat bir ortam oluşturuyorum. Otel veya merkezi buluşma noktalarında görüşmeyi tercih edebilirim; detayları önceden netleştiririz. Randevularımı düzenli ve planlı yürütürüm; zamanına saygı benim için çok önemlidir. İngilizce ve Türkçe iletişim kurabiliyorum; misafirlerimle rahat bir ortam oluşturuyorum. Güleryüzlü tavrım ve nezaketim sayesinde kısa sürede güven veren bir atmosfer kurarım.",Yeni
Gamze 4,24,"Kuşadası, Karaova",4100,0555 758 91 89,"Nakit, Kripto, Kredi Kartı","partner, 24 saat, masaj, yabancı uyruklu, türkçe bilir",0,https://picsum.photos/id/638/400/600,"Zarif, bakımlı ve pozitif enerjisiyle öne çıkan bir profil sunuyorum. Ben Gamze, Kuşadası Karaova bölgesinde aktif olarak hizmet veriyorum. İngilizce ve Türkçe iletişim kurabiliyorum; misafirlerimle rahat bir ortam oluşturuyorum. Sunabildiğim özellikler arasında partner, 24 saat, masaj, yabancı uyruklu yer alıyor. Sakin, enerjik veya romantik bir akşam — ne arıyorsanız birlikte planlayabiliriz. Benimle iletişime geçerek uygun saat ve buluşma detaylarını kolayca ayarlayabilirsiniz. Sakin, enerjik veya romantik bir akşam — ne arıyorsanız birlikte planlayabiliriz. Sakin, enerjik veya romantik bir akşam — ne arıyorsanız birlikte planlayabiliriz. Güleryüzlü tavrım ve nezaketim sayesinde kısa sürede güven veren bir atmosfer kurarım. Güleryüzlü tavrım ve nezaketim sayesinde kısa sürede güven veren bir atmosfer kurarım.",VIP
Melis 3,22,"Kuşadası, Camiatik",2250,0534 760 21 88,"Kredi Kartı, Nakit","türkçe bilir, partner",0,https://picsum.photos/id/659/400/600,"Kuşadası'nda uzun süredir bulunuyorum; bölgeyi ve yaşam ritmini çok iyi biliyorum. Ben Melis, Kuşadası Camiatik bölgesinde aktif olarak hizmet veriyorum. Sakin, enerjik veya romantik bir akşam — ne arıyorsanız birlikte planlayabiliriz. Sunabildiğim özellikler arasında türkçe bilir, partner yer alıyor. Sohbet, gezinti, akşam yemeği veya sakin bir kahve molası gibi planları birlikte şekillendirebiliriz. Kuşadası'nda unutulmaz bir arkadaşlık deneyimi için sabırsızlanıyorum. Otel veya merkezi buluşma noktalarında görüşmeyi tercih edebilirim; detayları önceden netleştiririz. Kuşadası'nın sahil şeridi, marina ve merkez noktalarında keyifli rotalar önerebilirim. Sakin, enerjik veya romantik bir akşam — ne arıyorsanız birlikte planlayabiliriz. İngilizce ve Türkçe iletişim kurabiliyorum; misafirlerimle rahat bir ortam oluşturuyorum.",VIP
Pınar 7,30,"Kuşadası, Yılancı Burnu",3900,0551 636 76 88,Kripto,"otel gelir, eve gelir, yabancı uyruklu",1,https://picsum.photos/id/675/400/600,"Zarif, bakımlı ve pozitif enerjisiyle öne çıkan bir profil sunuyorum. Ben Pınar, Kuşadası Yılancı Burnu bölgesinde aktif olarak hizmet veriyorum. Güleryüzlü tavrım ve nezaketim sayesinde kısa sürede güven veren bir atmosfer kurarım. Sunabildiğim özellikler arasında otel gelir, eve gelir, yabancı uyruklu yer alıyor. Özel isteklere açığım; beklentilerinizi dinleyip uygun bir program öneririm. Kuşadası'nda unutulmaz bir arkadaşlık deneyimi için sabırsızlanıyorum. Kuşadası'nın sahil şeridi, marina ve merkez noktalarında keyifli rotalar önerebilirim. Sohbet, gezinti, akşam yemeği veya sakin bir kahve molası gibi planları birlikte şekillendirebiliriz. Kuşadası'nın sahil şeridi, marina ve merkez noktalarında keyifli rotalar önerebilirim. Randevularımı düzenli ve planlı yürütürüm; zamanına saygı benim için çok önemlidir.",Popüler
Elif 2,32,"Kuşadası, Camiatik",2150,0542 771 99 94,"Kripto, Nakit","otel gelir, 24 saat, eve gelir, türkçe bilir",0,https://picsum.photos/id/64/400/600,"Yeni insanlarla tanışmayı, samimi sohbetleri ve keyifli anları paylaşmayı seviyorum. Ben Elif, Kuşadası Camiatik bölgesinde aktif olarak hizmet veriyorum. Güleryüzlü tavrım ve nezaketim sayesinde kısa sürede güven veren bir atmosfer kurarım. Sunabildiğim özellikler arasında otel gelir, 24 saat, eve gelir, türkçe bilir yer alıyor. Özel isteklere açığım; beklentilerinizi dinleyip uygun bir program öneririm. Kaliteli ve saygılı bir deneyim arıyorsanız doğru yerdesiniz. İngilizce ve Türkçe iletişim kurabiliyorum; misafirlerimle rahat bir ortam oluşturuyorum. Randevularımı düzenli ve planlı yürütürüm; zamanına saygı benim için çok önemlidir. Özel isteklere açığım; beklentilerinizi dinleyip uygun bir program öneririm. Kuşadası'nın sahil şeridi, marina ve merkez noktalarında keyifli rotalar önerebilirim.",VIP
Melis 4,25,"Kuşadası, Merkez",4900,0542 964 22 74,Kredi Kartı,"eve gelir, partner, masaj, 24 saat, otel gelir",0,https://picsum.photos/id/65/400/600,"Kuşadası'nın enerjisini seven, sıcakkanlı ve güler yüzlü biriyim. Ben Melis, Kuşadası Merkez bölgesinde aktif olarak hizmet veriyorum. Kuşadası'nın sahil şeridi, marina ve merkez noktalarında keyifli rotalar önerebilirim. Sunabildiğim özellikler arasında eve gelir, partner, masaj, 24 saat yer alıyor. İngilizce ve Türkçe iletişim kurabiliyorum; misafirlerimle rahat bir ortam oluşturuyorum. Güven, gizlilik ve samimiyet benim için her zaman ön plandadır. Özel isteklere açığım; beklentilerinizi dinleyip uygun bir program öneririm. İngilizce ve Türkçe iletişim kurabiliyorum; misafirlerimle rahat bir ortam oluşturuyorum. İngilizce ve Türkçe iletişim kurabiliyorum; misafirlerimle rahat bir ortam oluşturuyorum. İngilizce ve Türkçe iletişim kurabiliyorum; misafirlerimle rahat bir ortam oluşturuyorum. İngilizce ve Türkçe iletişim kurabiliyorum; misafirlerimle rahat bir ortam oluşturuyorum.",Merkez
Ceyda 3,31,"Kuşadası, Cumhuriyet",3750,0538 476 96 83,"Nakit, Kredi Kartı, Kripto","eve gelir, 24 saat, partner, türkçe bilir, masaj",0,https://picsum.photos/id/66/400/600,"Her buluşmada özel hissettirmek ve kaliteli zaman geçirmek benim için öncelik. Ben Ceyda, Kuşadası Cumhuriyet bölgesinde aktif olarak hizmet veriyorum. Güleryüzlü tavrım ve nezaketim sayesinde kısa sürede güven veren bir atmosfer kurarım. Sunabildiğim özellikler arasında eve gelir, 24 saat, partner, türkçe bilir yer alıyor. Özel isteklere açığım; beklentilerinizi dinleyip uygun bir program öneririm. Güven, gizlilik ve samimiyet benim için her zaman ön plandadır. Özel isteklere açığım; beklentilerinizi dinleyip uygun bir program öneririm. İngilizce ve Türkçe iletişim kurabiliyorum; misafirlerimle rahat bir ortam oluşturuyorum. Otel veya merkezi buluşma noktalarında görüşmeyi tercih edebilirim; detayları önceden netleştiririz. İngilizce ve Türkçe iletişim kurabiliyorum; misafirlerimle rahat bir ortam oluşturuyorum.",Popüler
Ceyda 4,35,"Kuşadası, Güzelçamlı",4600,0537 379 67 75,"Kripto, Nakit","türkçe bilir, otel gelir",1,https://picsum.photos/id/101/400/600,"Kuşadası'nda uzun süredir bulunuyorum; bölgeyi ve yaşam ritmini çok iyi biliyorum. Ben Ceyda, Kuşadası Güzelçamlı bölgesinde aktif olarak hizmet veriyorum. Randevularımı düzenli ve planlı yürütürüm; zamanına saygı benim için çok önemlidir. Sunabildiğim özellikler arasında türkçe bilir, otel gelir yer alıyor. Otel veya merkezi buluşma noktalarında görüşmeyi tercih edebilirim; detayları önceden netleştiririz. Kuşadası'nda unutulmaz bir arkadaşlık deneyimi için sabırsızlanıyorum. Kuşadası'nın sahil şeridi, marina ve merkez noktalarında keyifli rotalar önerebilirim. Sohbet, gezinti, akşam yemeği veya sakin bir kahve molası gibi planları birlikte şekillendirebiliriz. Özel isteklere açığım; beklentilerinizi dinleyip uygun bir program öneririm. Sohbet, gezinti, akşam yemeği veya sakin bir kahve molası gibi planları birlikte şekillendirebiliriz.",Merkez
Selin,27,"Kuşadası, Türkmen",2600,0543 910 28 27,Kredi Kartı,"otel gelir, türkçe bilir, partner",1,https://picsum.photos/id/177/400/600,"Her buluşmada özel hissettirmek ve kaliteli zaman geçirmek benim için öncelik. Ben Selin, Kuşadası Türkmen bölgesinde aktif olarak hizmet veriyorum. İngilizce ve Türkçe iletişim kurabiliyorum; misafirlerimle rahat bir ortam oluşturuyorum. Sunabildiğim özellikler arasında otel gelir, türkçe bilir, partner yer alıyor. Sakin, enerjik veya romantik bir akşam — ne arıyorsanız birlikte planlayabiliriz. Kuşadası'nda unutulmaz bir arkadaşlık deneyimi için sabırsızlanıyorum. Sohbet, gezinti, akşam yemeği veya sakin bir kahve molası gibi planları birlikte şekillendirebiliriz. Randevularımı düzenli ve planlı yürütürüm; zamanına saygı benim için çok önemlidir. Sohbet, gezinti, akşam yemeği veya sakin bir kahve molası gibi planları birlikte şekillendirebiliriz. Güleryüzlü tavrım ve nezaketim sayesinde kısa sürede güven veren bir atmosfer kurarım.",Yeni
Funda 5,33,"Kuşadası, Camiatik",1450,0546 754 89 68,"Nakit, Kredi Kartı","otel gelir, eve gelir",1,https://picsum.photos/id/338/400/600,"Her buluşmada özel hissettirmek ve kaliteli zaman geçirmek benim için öncelik. Ben Funda, Kuşadası Camiatik bölgesinde aktif olarak hizmet veriyorum. Sohbet, gezinti, akşam yemeği veya sakin bir kahve molası gibi planları birlikte şekillendirebiliriz. Sunabildiğim özellikler arasında otel gelir, eve gelir yer alıyor. Otel veya merkezi buluşma noktalarında görüşmeyi tercih edebilirim; detayları önceden netleştiririz. Profilimi incelediyseniz bir mesaj bırakmanız yeterli; kısa sürede dönüş yaparım. Güleryüzlü tavrım ve nezaketim sayesinde kısa sürede güven veren bir atmosfer kurarım. Özel isteklere açığım; beklentilerinizi dinleyip uygun bir program öneririm. Sohbet, gezinti, akşam yemeği veya sakin bir kahve molası gibi planları birlikte şekillendirebiliriz. Kuşadası'nın sahil şeridi, marina ve merkez noktalarında keyifli rotalar önerebilirim.",Yeni
Umay 5,25,"Kuşadası, Cumhuriyet",3700,0533 750 59 57,"Nakit, Kredi Kartı, Kripto","yabancı uyruklu, partner",0,https://picsum.photos/id/399/400/600,"Kuşadası'nın enerjisini seven, sıcakkanlı ve güler yüzlü biriyim. Ben Umay, Kuşadası Cumhuriyet bölgesinde aktif olarak hizmet veriyorum. Kuşadası'nın sahil şeridi, marina ve merkez noktalarında keyifli rotalar önerebilirim. Sunabildiğim özellikler arasında yabancı uyruklu, partner yer alıyor. Randevularımı düzenli ve planlı yürütürüm; zamanına saygı benim için çok önemlidir. Kaliteli ve saygılı bir deneyim arıyorsanız doğru yerdesiniz. Otel veya merkezi buluşma noktalarında görüşmeyi tercih edebilirim; detayları önceden netleştiririz. Randevularımı düzenli ve planlı yürütürüm; zamanına saygı benim için çok önemlidir. Kuşadası'nın sahil şeridi, marina ve merkez noktalarında keyifli rotalar önerebilirim. İngilizce ve Türkçe iletişim kurabiliyorum; misafirlerimle rahat bir ortam oluşturuyorum. Sohbet, gezinti, akşam yemeği veya sakin bir kahve molası gibi planları birlikte şekillendirebiliriz.",Popüler
Tuğçe 2,25,"Kuşadası, Türkmen",4400,0533 400 35 15,"Kredi Kartı, Kripto, Nakit","otel gelir, masaj, yabancı uyruklu",0,https://picsum.photos/id/433/400/600,"Kuşadası'nın enerjisini seven, sıcakkanlı ve güler yüzlü biriyim. Ben Tuğçe, Kuşadası Türkmen bölgesinde aktif olarak hizmet veriyorum. Kuşadası'nın sahil şeridi, marina ve merkez noktalarında keyifli rotalar önerebilirim. Sunabildiğim özellikler arasında otel gelir, masaj, yabancı uyruklu yer alıyor. Güleryüzlü tavrım ve nezaketim sayesinde kısa sürede güven veren bir atmosfer kurarım. Güven, gizlilik ve samimiyet benim için her zaman ön plandadır. Özel isteklere açığım; beklentilerinizi dinleyip uygun bir program öneririm. Sakin, enerjik veya romantik bir akşam — ne arıyorsanız birlikte planlayabiliriz. Güleryüzlü tavrım ve nezaketim sayesinde kısa sürede güven veren bir atmosfer kurarım. Sohbet, gezinti, akşam yemeği veya sakin bir kahve molası gibi planları birlikte şekillendirebiliriz.",Yeni
Kader 2,21,"Kuşadası, Türkmen",4550,0543 291 73 98,"Kredi Kartı, Kripto, Nakit","yabancı uyruklu, partner, masaj, 24 saat",0,https://picsum.photos/id/447/400/600,"İletişim gücüm yüksek; karşımdakini dinlemeyi ve iyi hissettirmeyi önemsiyorum. Ben Kader, Kuşadası Türkmen bölgesinde aktif olarak hizmet veriyorum. Randevularımı düzenli ve planlı yürütürüm; zamanına saygı benim için çok önemlidir. Sunabildiğim özellikler arasında yabancı uyruklu, partner, masaj, 24 saat yer alıyor. Özel isteklere açığım; beklentilerinizi dinleyip uygun bir program öneririm. Benimle iletişime geçerek uygun saat ve buluşma detaylarını kolayca ayarlayabilirsiniz. Özel isteklere açığım; beklentilerinizi dinleyip uygun bir program öneririm. İngilizce ve Türkçe iletişim kurabiliyorum; misafirlerimle rahat bir ortam oluşturuyorum. Güleryüzlü tavrım ve nezaketim sayesinde kısa sürede güven veren bir atmosfer kurarım. Kuşadası'nın sahil şeridi, marina ve merkez noktalarında keyifli rotalar önerebilirim.",VIP
Derya 4,29,"Kuşadası, Türkmen",2250,0551 143 55 88,"Kripto, Kredi Kartı","masaj, yabancı uyruklu, türkçe bilir",0,https://picsum.photos/id/453/400/600,"İletişim gücüm yüksek; karşımdakini dinlemeyi ve iyi hissettirmeyi önemsiyorum. Ben Derya, Kuşadası Türkmen bölgesinde aktif olarak hizmet veriyorum. Sohbet, gezinti, akşam yemeği veya sakin bir kahve molası gibi planları birlikte şekillendirebiliriz. Sunabildiğim özellikler arasında masaj, yabancı uyruklu, türkçe bilir yer alıyor. Randevularımı düzenli ve planlı yürütürüm; zamanına saygı benim için çok önemlidir. Kuşadası'nda unutulmaz bir arkadaşlık deneyimi için sabırsızlanıyorum. Kuşadası'nın sahil şeridi, marina ve merkez noktalarında keyifli rotalar önerebilirim. İngilizce ve Türkçe iletişim kurabiliyorum; misafirlerimle rahat bir ortam oluşturuyorum. Sohbet, gezinti, akşam yemeği veya sakin bir kahve molası gibi planları birlikte şekillendirebiliriz. İngilizce ve Türkçe iletişim kurabiliyorum; misafirlerimle rahat bir ortam oluşturuyorum.",Merkez
Ceyda 5,22,"Kuşadası, Güvercinada",1950,0551 479 57 66,"Kredi Kartı, Kripto, Nakit","24 saat, eve gelir",0,https://picsum.photos/id/475/400/600,"Profesyonel, özenli ve güven veren bir yaklaşımla hizmet veriyorum. Ben Ceyda, Kuşadası Güvercinada bölgesinde aktif olarak hizmet veriyorum. Kuşadası'nın sahil şeridi, marina ve merkez noktalarında keyifli rotalar önerebilirim. Sunabildiğim özellikler arasında 24 saat, eve gelir yer alıyor. Özel isteklere açığım; beklentilerinizi dinleyip uygun bir program öneririm. Kaliteli ve saygılı bir deneyim arıyorsanız doğru yerdesiniz. Güleryüzlü tavrım ve nezaketim sayesinde kısa sürede güven veren bir atmosfer kurarım. Otel veya merkezi buluşma noktalarında görüşmeyi tercih edebilirim; detayları önceden netleştiririz. Randevularımı düzenli ve planlı yürütürüm; zamanına saygı benim için çok önemlidir. Sohbet, gezinti, akşam yemeği veya sakin bir kahve molası gibi planları birlikte şekillendirebiliriz.",Yeni
Rana,32,"Kuşadası, Camiatik",4750,0535 238 19 67,"Nakit, Kredi Kartı, Kripto","eve gelir, 24 saat, türkçe bilir, yabancı uyruklu, otel gelir",1,https://picsum.photos/id/536/400/600,"Her buluşmada özel hissettirmek ve kaliteli zaman geçirmek benim için öncelik. Ben Rana, Kuşadası Camiatik bölgesinde aktif olarak hizmet veriyorum. Randevularımı düzenli ve planlı yürütürüm; zamanına saygı benim için çok önemlidir. Sunabildiğim özellikler arasında eve gelir, 24 saat, türkçe bilir, yabancı uyruklu yer alıyor. Kuşadası'nın sahil şeridi, marina ve merkez noktalarında keyifli rotalar önerebilirim. Kaliteli ve saygılı bir deneyim arıyorsanız doğru yerdesiniz. Randevularımı düzenli ve planlı yürütürüm; zamanına saygı benim için çok önemlidir. Güleryüzlü tavrım ve nezaketim sayesinde kısa sürede güven veren bir atmosfer kurarım. Güleryüzlü tavrım ve nezaketim sayesinde kısa sürede güven veren bir atmosfer kurarım. İngilizce ve Türkçe iletişim kurabiliyorum; misafirlerimle rahat bir ortam oluşturuyorum.",Yeni
Melis 5,27,"Kuşadası, Camiatik",1500,0544 667 83 57,Nakit,"partner, yabancı uyruklu, otel gelir",0,https://picsum.photos/id/548/400/600,"Profesyonel, özenli ve güven veren bir yaklaşımla hizmet veriyorum. Ben Melis, Kuşadası Camiatik bölgesinde aktif olarak hizmet veriyorum. Randevularımı düzenli ve planlı yürütürüm; zamanına saygı benim için çok önemlidir. Sunabildiğim özellikler arasında partner, yabancı uyruklu, otel gelir yer alıyor. Randevularımı düzenli ve planlı yürütürüm; zamanına saygı benim için çok önemlidir. Kaliteli ve saygılı bir deneyim arıyorsanız doğru yerdesiniz. Özel isteklere açığım; beklentilerinizi dinleyip uygun bir program öneririm. Sakin, enerjik veya romantik bir akşam — ne arıyorsanız birlikte planlayabiliriz. Özel isteklere açığım; beklentilerinizi dinleyip uygun bir program öneririm. Özel isteklere açığım; beklentilerinizi dinleyip uygun bir program öneririm. Randevularımı düzenli ve planlı yürütürüm; zamanına saygı benim için çok önemlidir.",Yeni
Lale 8,22,"Kuşadası, Güzelçamlı",2850,0537 886 26 65,"Kripto, Kredi Kartı","partner, 24 saat, masaj",0,https://picsum.photos/id/550/400/600,"Kuşadası'nın enerjisini seven, sıcakkanlı ve güler yüzlü biriyim. Ben Lale, Kuşadası Güzelçamlı bölgesinde aktif olarak hizmet veriyorum. Randevularımı düzenli ve planlı yürütürüm; zamanına saygı benim için çok önemlidir. Sunabildiğim özellikler arasında partner, 24 saat, masaj yer alıyor. İngilizce ve Türkçe iletişim kurabiliyorum; misafirlerimle rahat bir ortam oluşturuyorum. Kaliteli ve saygılı bir deneyim arıyorsanız doğru yerdesiniz. İngilizce ve Türkçe iletişim kurabiliyorum; misafirlerimle rahat bir ortam oluşturuyorum. İngilizce ve Türkçe iletişim kurabiliyorum; misafirlerimle rahat bir ortam oluşturuyorum. Kuşadası'nın sahil şeridi, marina ve merkez noktalarında keyifli rotalar önerebilirim. Otel veya merkezi buluşma noktalarında görüşmeyi tercih edebilirim; detayları önceden netleştiririz. Kuşadası'nın sahil şeridi, marina ve merkez noktalarında keyifli rotalar önerebilirim.",Popüler
Derya 5,26,"Kuşadası, Merkez",3600,0537 706 84 29,"Kredi Kartı, Nakit, Kripto","24 saat, masaj",1,https://picsum.photos/id/582/400/600,"Zarif, bakımlı ve pozitif enerjisiyle öne çıkan bir profil sunuyorum. Ben Derya, Kuşadası Merkez bölgesinde aktif olarak hizmet veriyorum. Sohbet, gezinti, akşam yemeği veya sakin bir kahve molası gibi planları birlikte şekillendirebiliriz. Sunabildiğim özellikler arasında 24 saat, masaj yer alıyor. Sohbet, gezinti, akşam yemeği veya sakin bir kahve molası gibi planları birlikte şekillendirebiliriz. Benimle iletişime geçerek uygun saat ve buluşma detaylarını kolayca ayarlayabilirsiniz. Sohbet, gezinti, akşam yemeği veya sakin bir kahve molası gibi planları birlikte şekillendirebiliriz. Güleryüzlü tavrım ve nezaketim sayesinde kısa sürede güven veren bir atmosfer kurarım. Otel veya merkezi buluşma noktalarında görüşmeyi tercih edebilirim; detayları önceden netleştiririz. Özel isteklere açığım; beklentilerinizi dinleyip uygun bir program öneririm.",VIP
Rana 2,29,"Kuşadası, Güzelçamlı",3650,0551 525 71 69,"Kredi Kartı, Nakit","türkçe bilir, yabancı uyruklu, otel gelir, 24 saat, masaj",1,https://picsum.photos/id/593/400/600,"Profesyonel, özenli ve güven veren bir yaklaşımla hizmet veriyorum. Ben Rana, Kuşadası Güzelçamlı bölgesinde aktif olarak hizmet veriyorum. Kuşadası'nın sahil şeridi, marina ve merkez noktalarında keyifli rotalar önerebilirim. Sunabildiğim özellikler arasında türkçe bilir, yabancı uyruklu, otel gelir, 24 saat yer alıyor. Kuşadası'nın sahil şeridi, marina ve merkez noktalarında keyifli rotalar önerebilirim. Kaliteli ve saygılı bir deneyim arıyorsanız doğru yerdesiniz. Özel isteklere açığım; beklentilerinizi dinleyip uygun bir program öneririm. İngilizce ve Türkçe iletişim kurabiliyorum; misafirlerimle rahat bir ortam oluşturuyorum. Kuşadası'nın sahil şeridi, marina ve merkez noktalarında keyifli rotalar önerebilirim. Randevularımı düzenli ve planlı yürütürüm; zamanına saygı benim için çok önemlidir. Kuşadası'nın sahil şeridi, marina ve merkez noktalarında keyifli rotalar önerebilirim.",Yeni
Pınar 8,28,"Kuşadası, Yılancı Burnu",2850,0545 984 88 63,Nakit,"otel gelir, türkçe bilir",1,https://picsum.photos/id/597/400/600,"Profesyonel, özenli ve güven veren bir yaklaşımla hizmet veriyorum. Ben Pınar, Kuşadası Yılancı Burnu bölgesinde aktif olarak hizmet veriyorum. Kuşadası'nın sahil şeridi, marina ve merkez noktalarında keyifli rotalar önerebilirim. Sunabildiğim özellikler arasında otel gelir, türkçe bilir yer alıyor. Kuşadası'nın sahil şeridi, marina ve merkez noktalarında keyifli rotalar önerebilirim. Profilimi incelediyseniz bir mesaj bırakmanız yeterli; kısa sürede dönüş yaparım. İngilizce ve Türkçe iletişim kurabiliyorum; misafirlerimle rahat bir ortam oluşturuyorum. Sakin, enerjik veya romantik bir akşam — ne arıyorsanız birlikte planlayabiliriz. Sakin, enerjik veya romantik bir akşam — ne arıyorsanız birlikte planlayabiliriz. Sakin, enerjik veya romantik bir akşam — ne arıyorsanız birlikte planlayabiliriz.",Popüler
Rana 3,22,"Kuşadası, Kadınlar Denizi",4850,0533 151 46 73,"Kripto, Kredi Kartı","eve gelir, 24 saat, türkçe bilir",0,https://picsum.photos/id/638/400/600,"Her buluşmada özel hissettirmek ve kaliteli zaman geçirmek benim için öncelik. Ben Rana, Kuşadası Kadınlar Denizi bölgesinde aktif olarak hizmet veriyorum. Güleryüzlü tavrım ve nezaketim sayesinde kısa sürede güven veren bir atmosfer kurarım. Sunabildiğim özellikler arasında eve gelir, 24 saat, türkçe bilir yer alıyor. Sohbet, gezinti, akşam yemeği veya sakin bir kahve molası gibi planları birlikte şekillendirebiliriz. Benimle iletişime geçerek uygun saat ve buluşma detaylarını kolayca ayarlayabilirsiniz. Özel isteklere açığım; beklentilerinizi dinleyip uygun bir program öneririm. İngilizce ve Türkçe iletişim kurabiliyorum; misafirlerimle rahat bir ortam oluşturuyorum. Güleryüzlü tavrım ve nezaketim sayesinde kısa sürede güven veren bir atmosfer kurarım. Kuşadası'nın sahil şeridi, marina ve merkez noktalarında keyifli rotalar önerebilirim.",Merkez
Melis 6,32,"Kuşadası, Kadınlar Denizi",1200,0554 386 89 97,"Kripto, Nakit, Kredi Kartı","otel gelir, yabancı uyruklu, 24 saat, masaj",0,https://picsum.photos/id/659/400/600,"Profesyonel, özenli ve güven veren bir yaklaşımla hizmet veriyorum. Ben Melis, Kuşadası Kadınlar Denizi bölgesinde aktif olarak hizmet veriyorum. Randevularımı düzenli ve planlı yürütürüm; zamanına saygı benim için çok önemlidir. Sunabildiğim özellikler arasında otel gelir, yabancı uyruklu, 24 saat, masaj yer alıyor. Özel isteklere açığım; beklentilerinizi dinleyip uygun bir program öneririm. Kaliteli ve saygılı bir deneyim arıyorsanız doğru yerdesiniz. Kuşadası'nın sahil şeridi, marina ve merkez noktalarında keyifli rotalar önerebilirim. Kuşadası'nın sahil şeridi, marina ve merkez noktalarında keyifli rotalar önerebilirim. İngilizce ve Türkçe iletişim kurabiliyorum; misafirlerimle rahat bir ortam oluşturuyorum. Otel veya merkezi buluşma noktalarında görüşmeyi tercih edebilirim; detayları önceden netleştiririz.",Merkez
Selin 2,21,"Kuşadası, Kadınlar Denizi",1150,0536 720 75 27,Kripto,"partner, yabancı uyruklu, 24 saat, masaj",0,https://picsum.photos/id/675/400/600,"Zarif, bakımlı ve pozitif enerjisiyle öne çıkan bir profil sunuyorum. Ben Selin, Kuşadası Kadınlar Denizi bölgesinde aktif olarak hizmet veriyorum. İngilizce ve Türkçe iletişim kurabiliyorum; misafirlerimle rahat bir ortam oluşturuyorum. Sunabildiğim özellikler arasında partner, yabancı uyruklu, 24 saat, masaj yer alıyor. Özel isteklere açığım; beklentilerinizi dinleyip uygun bir program öneririm. Güven, gizlilik ve samimiyet benim için her zaman ön plandadır. Güleryüzlü tavrım ve nezaketim sayesinde kısa sürede güven veren bir atmosfer kurarım. Kuşadası'nın sahil şeridi, marina ve merkez noktalarında keyifli rotalar önerebilirim. Sakin, enerjik veya romantik bir akşam — ne arıyorsanız birlikte planlayabiliriz. Güleryüzlü tavrım ve nezaketim sayesinde kısa sürede güven veren bir atmosfer kurarım.",Merkez
Aylin 2,30,"Kuşadası, Türkmen",3750,0541 771 84 83,Kredi Kartı,"partner, masaj, otel gelir, yabancı uyruklu",1,https://picsum.photos/id/64/400/600,"Kuşadası'nın enerjisini seven, sıcakkanlı ve güler yüzlü biriyim. Ben Aylin, Kuşadası Türkmen bölgesinde aktif olarak hizmet veriyorum. Sakin, enerjik veya romantik bir akşam — ne arıyorsanız birlikte planlayabiliriz. Sunabildiğim özellikler arasında partner, masaj, otel gelir, yabancı uyruklu yer alıyor. İngilizce ve Türkçe iletişim kurabiliyorum; misafirlerimle rahat bir ortam oluşturuyorum. Güven, gizlilik ve samimiyet benim için her zaman ön plandadır. Özel isteklere açığım; beklentilerinizi dinleyip uygun bir program öneririm. İngilizce ve Türkçe iletişim kurabiliyorum; misafirlerimle rahat bir ortam oluşturuyorum. Otel veya merkezi buluşma noktalarında görüşmeyi tercih edebilirim; detayları önceden netleştiririz. Sohbet, gezinti, akşam yemeği veya sakin bir kahve molası gibi planları birlikte şekillendirebiliriz.",VIP
Hale 4,34,"Kuşadası, Kadınlar Denizi",2300,0552 993 17 27,"Nakit, Kredi Kartı","yabancı uyruklu, 24 saat, masaj",0,https://picsum.photos/id/65/400/600,"Zarif, bakımlı ve pozitif enerjisiyle öne çıkan bir profil sunuyorum. Ben Hale, Kuşadası Kadınlar Denizi bölgesinde aktif olarak hizmet veriyorum. Sakin, enerjik veya romantik bir akşam — ne arıyorsanız birlikte planlayabiliriz. Sunabildiğim özellikler arasında yabancı uyruklu, 24 saat, masaj yer alıyor. Özel isteklere açığım; beklentilerinizi dinleyip uygun bir program öneririm. Kaliteli ve saygılı bir deneyim arıyorsanız doğru yerdesiniz. İngilizce ve Türkçe iletişim kurabiliyorum; misafirlerimle rahat bir ortam oluşturuyorum. Sakin, enerjik veya romantik bir akşam — ne arıyorsanız birlikte planlayabiliriz. Kuşadası'nın sahil şeridi, marina ve merkez noktalarında keyifli rotalar önerebilirim. Kuşadası'nın sahil şeridi, marina ve merkez noktalarında keyifli rotalar önerebilirim. Güleryüzlü tavrım ve nezaketim sayesinde kısa sürede güven veren bir atmosfer kurarım.",Merkez
Hale 5,28,"Kuşadası, Davutlar",3300,0552 457 81 45,"Nakit, Kredi Kartı","masaj, eve gelir, yabancı uyruklu, türkçe bilir",0,https://picsum.photos/id/66/400/600,"Kuşadası'nda uzun süredir bulunuyorum; bölgeyi ve yaşam ritmini çok iyi biliyorum. Ben Hale, Kuşadası Davutlar bölgesinde aktif olarak hizmet veriyorum. Özel isteklere açığım; beklentilerinizi dinleyip uygun bir program öneririm. Sunabildiğim özellikler arasında masaj, eve gelir, yabancı uyruklu, türkçe bilir yer alıyor. Kuşadası'nın sahil şeridi, marina ve merkez noktalarında keyifli rotalar önerebilirim. Profilimi incelediyseniz bir mesaj bırakmanız yeterli; kısa sürede dönüş yaparım. Güleryüzlü tavrım ve nezaketim sayesinde kısa sürede güven veren bir atmosfer kurarım. Sohbet, gezinti, akşam yemeği veya sakin bir kahve molası gibi planları birlikte şekillendirebiliriz. Güleryüzlü tavrım ve nezaketim sayesinde kısa sürede güven veren bir atmosfer kurarım. Randevularımı düzenli ve planlı yürütürüm; zamanına saygı benim için çok önemlidir.",Popüler
Pınar 9,28,"Kuşadası, Güzelçamlı",4050,0535 730 85 40,"Nakit, Kripto","24 saat, masaj, türkçe bilir, eve gelir",1,https://picsum.photos/id/101/400/600,"Şehrin en güzel köşelerinde birlikte vakit geçirmek için sabırsızlanıyorum. Ben Pınar, Kuşadası Güzelçamlı bölgesinde aktif olarak hizmet veriyorum. Otel veya merkezi buluşma noktalarında görüşmeyi tercih edebilirim; detayları önceden netleştiririz. Sunabildiğim özellikler arasında 24 saat, masaj, türkçe bilir, eve gelir yer alıyor. Sohbet, gezinti, akşam yemeği veya sakin bir kahve molası gibi planları birlikte şekillendirebiliriz. Benimle iletişime geçerek uygun saat ve buluşma detaylarını kolayca ayarlayabilirsiniz. Özel isteklere açığım; beklentilerinizi dinleyip uygun bir program öneririm. Kuşadası'nın sahil şeridi, marina ve merkez noktalarında keyifli rotalar önerebilirim. Sakin, enerjik veya romantik bir akşam — ne arıyorsanız birlikte planlayabiliriz. Randevularımı düzenli ve planlı yürütürüm; zamanına saygı benim için çok önemlidir.",Yeni
Aylin 3,25,"Kuşadası, Camiatik",2650,0555 337 78 14,"Kredi Kartı, Kripto, Nakit","türkçe bilir, partner, otel gelir, 24 saat",0,https://picsum.photos/id/177/400/600,"Profesyonel, özenli ve güven veren bir yaklaşımla hizmet veriyorum. Ben Aylin, Kuşadası Camiatik bölgesinde aktif olarak hizmet veriyorum. Özel isteklere açığım; beklentilerinizi dinleyip uygun bir program öneririm. Sunabildiğim özellikler arasında türkçe bilir, partner, otel gelir, 24 saat yer alıyor. İngilizce ve Türkçe iletişim kurabiliyorum; misafirlerimle rahat bir ortam oluşturuyorum. Benimle iletişime geçerek uygun saat ve buluşma detaylarını kolayca ayarlayabilirsiniz. Özel isteklere açığım; beklentilerinizi dinleyip uygun bir program öneririm. Sakin, enerjik veya romantik bir akşam — ne arıyorsanız birlikte planlayabiliriz. İngilizce ve Türkçe iletişim kurabiliyorum; misafirlerimle rahat bir ortam oluşturuyorum. Güleryüzlü tavrım ve nezaketim sayesinde kısa sürede güven veren bir atmosfer kurarım.",VIP
