title,yas,lokasyon,fiyat,telefon,odeme_sekli,ozellikler,vip,image_url,content
Yasemin,23,"Kuşadası, Kadınlar Denizi",2700,0535 328 27 23,"Kripto, Nakit, Kredi Kartı","otel gelir, partner",1,https://picsum.photos/id/64/400/600,"Merhaba, ben Yasemin. Kuşadası'nın Kadınlar Denizi bölgesinde sizlere özel, samimi ve güvenilir bir arkadaşlık deneyimi sunuyorum. 23 yaşındayım ve Kuşadası'nda aktif olarak hizmet veriyorum. Kuşadası'nın gece hayatı, sahil yürüyüşleri ve sakin mekanlarında birlikte vakit geçirmekten hoşlanırım. Sizin tercihlerinize göre programı birlikte şekillendirebiliriz. Uzun süredir bu alanda deneyimliyim ve müşteri memnuniyetini her şeyin üzerinde tutuyorum. Gizliliğe saygı, hijyen ve nezaket benim için vazgeçilmez üç temel ilkedir. Sunabildiğim özellikler: otel gelir, partner. Her buluşmada özenli, saygılı ve pozitif bir atmosfer yaratmaya çalışıyorum. Görüşmek üzere! Uzun süredir bu alanda deneyimliyim ve müşteri memnuniyetini her şeyin üzerinde tutuyorum. Gizliliğe saygı, hijyen ve nezaket benim için vazgeçilmez üç temel ilkedir. Randevu öncesi kısa bir telefon görüşmesiyle beklentilerinizi dinlemeyi tercih ediyorum. Böylece buluşmamız daha verimli ve keyifli geçiyor."
Umay,28,"Kuşadası, Kadınlar Denizi",2000,0545 532 53 45,Nakit,"otel gelir, partner, yabancı uyruklu, masaj",0,https://picsum.photos/id/65/400/600,"Selam! Adım Umay. Kadınlar Denizi mahallesinde buluşmalar düzenliyorum; sıcakkanlı, anlayışlı ve profesyonel bir yaklaşım benim için öncelik. 28 yaşındayım ve Kuşadası'nda aktif olarak hizmet veriyorum. Kuşadası'nın gece hayatı, sahil yürüyüşleri ve sakin mekanlarında birlikte vakit geçirmekten hoşlanırım. Sizin tercihlerinize göre programı birlikte şekillendirebiliriz. Seyahat eden misafirlerin yanı sıra yerel ziyaretçilere de hizmet veriyorum. İngilizce ve Türkçe iletişim kurabiliyorum; yabancı misafirler için de uygun bir profilim. Sunabildiğim özellikler: otel gelir, partner, yabancı uyruklu, masaj. Detaylı bilgi ve randevu için benimle iletişime geçebilirsiniz. Sizi tanımak ve güzel bir deneyim paylaşmak için sabırsızlanıyorum. Randevu öncesi kısa bir telefon görüşmesiyle beklentilerinizi dinlemeyi tercih ediyorum. Böylece buluşmamız daha verimli ve keyifli geçiyor. Kuşadası'nın gece hayatı, sahil yürüyüşleri ve sakin mekanlarında birlikte vakit geçirmekten hoşlanırım. Sizin tercihlerinize göre programı birlikte şekillendirebiliriz."
Elif,32,"Kuşadası, Yılancı Burnu",4500,0536 949 90 89,"Kripto, Nakit","otel gelir, masaj",0,https://picsum.photos/id/177/400/600,"Selam! Adım Elif. Yılancı Burnu mahallesinde buluşmalar düzenliyorum; sıcakkanlı, anlayışlı ve profesyonel bir yaklaşım benim için öncelik. 32 yaşındayım ve Kuşadası'nda aktif olarak hizmet veriyorum. Şehrin ritmine uyum sağlayan, esnek programım sayesinde günün her saatinde randevu alabilirsiniz. İlk görüşmede rahat hissetmeniz benim için çok önemli; bu yüzden iletişime her zaman açık ve netim. Uzun süredir bu alanda deneyimliyim ve müşteri memnuniyetini her şeyin üzerinde tutuyorum. Gizliliğe saygı, hijyen ve nezaket benim için vazgeçilmez üç temel ilkedir. Sunabildiğim özellikler: otel gelir, masaj. Detaylı bilgi ve randevu için benimle iletişime geçebilirsiniz. Sizi tanımak ve güzel bir deneyim paylaşmak için sabırsızlanıyorum. Randevu öncesi kısa bir telefon görüşmesiyle beklentilerinizi dinlemeyi tercih ediyorum. Böylece buluşmamız daha verimli ve keyifli geçiyor."
Jale,34,"Kuşadası, Güzelçamlı",3300,0534 479 55 36,"Kredi Kartı, Nakit, Kripto","eve gelir, yabancı uyruklu, masaj",0,https://picsum.photos/id/338/400/600,"Ben Jale, Güzelçamlı çevresinde yaşayan, enerjisi yüksek ve pozitif biriyim. Birlikte geçireceğimiz zamanın unutulmaz olması için özen gösteriyorum. 34 yaşındayım ve Kuşadası'nda aktif olarak hizmet veriyorum. Seyahat eden misafirlerin yanı sıra yerel ziyaretçilere de hizmet veriyorum. İngilizce ve Türkçe iletişim kurabiliyorum; yabancı misafirler için de uygun bir profilim. Şehrin ritmine uyum sağlayan, esnek programım sayesinde günün her saatinde randevu alabilirsiniz. İlk görüşmede rahat hissetmeniz benim için çok önemli; bu yüzden iletişime her zaman açık ve netim. Sunabildiğim özellikler: eve gelir, yabancı uyruklu, masaj. Uygun ödeme seçenekleri ve esnek buluşma koşulları sunuyorum. Sorularınız için mesaj atmanız yeterli. Şehrin ritmine uyum sağlayan, esnek programım sayesinde günün her saatinde randevu alabilirsiniz. İlk görüşmede rahat hissetmeniz benim için çok önemli; bu yüzden iletişime her zaman açık ve netim."
Lale,32,"Kuşadası, Merkez",1400,0535 680 50 37,"Kredi Kartı, Kripto, Nakit","türkçe bilir, eve gelir, masaj",0,https://picsum.photos/id/399/400/600,"Selam! Adım Lale. Merkez mahallesinde buluşmalar düzenliyorum; sıcakkanlı, anlayışlı ve profesyonel bir yaklaşım benim için öncelik. 32 yaşındayım ve Kuşadası'nda aktif olarak hizmet veriyorum. Kuşadası'nın gece hayatı, sahil yürüyüşleri ve sakin mekanlarında birlikte vakit geçirmekten hoşlanırım. Sizin tercihlerinize göre programı birlikte şekillendirebiliriz. Randevu öncesi kısa bir telefon görüşmesiyle beklentilerinizi dinlemeyi tercih ediyorum. Böylece buluşmamız daha verimli ve keyifli geçiyor. Sunabildiğim özellikler: türkçe bilir, eve gelir, masaj. Her buluşmada özenli, saygılı ve pozitif bir atmosfer yaratmaya çalışıyorum. Görüşmek üzere! Seyahat eden misafirlerin yanı sıra yerel ziyaretçilere de hizmet veriyorum. İngilizce ve Türkçe iletişim kurabiliyorum; yabancı misafirler için de uygun bir profilim. Uzun süredir bu alanda deneyimliyim ve müşteri memnuniyetini her şeyin üzerinde tutuyorum. Gizliliğe saygı, hijyen ve nezaket benim için vazgeçilmez üç temel ilkedir."
Funda,35,"Kuşadası, Yılancı Burnu",1300,0533 256 90 30,"Kredi Kartı, Nakit, Kripto","24 saat, yabancı uyruklu, partner, türkçe bilir, masaj",0,https://picsum.photos/id/447/400/600,"Merhaba, ben Funda. Kuşadası'nın Yılancı Burnu bölgesinde sizlere özel, samimi ve güvenilir bir arkadaşlık deneyimi sunuyorum. 35 yaşındayım ve Kuşadası'nda aktif olarak hizmet veriyorum. Şehrin ritmine uyum sağlayan, esnek programım sayesinde günün her saatinde randevu alabilirsiniz. İlk görüşmede rahat hissetmeniz benim için çok önemli; bu yüzden iletişime her zaman açık ve netim. Kuşadası'nın gece hayatı, sahil yürüyüşleri ve sakin mekanlarında birlikte vakit geçirmekten hoşlanırım. Sizin tercihlerinize göre programı birlikte şekillendirebiliriz. Sunabildiğim özellikler: 24 saat, yabancı uyruklu, partner, türkçe bilir, masaj. Profilimi incelediğiniz için teşekkürler. Güvenilir, samimi ve profesyonel bir buluşma için doğru adrestesiniz. Seyahat eden misafirlerin yanı sıra yerel ziyaretçilere de hizmet veriyorum. İngilizce ve Türkçe iletişim kurabiliyorum; yabancı misafirler için de uygun bir profilim."
Elif VIP,29,"Kuşadası, Cumhuriyet",2000,0539 103 43 74,Kripto,"partner, masaj",0,https://picsum.photos/id/548/400/600,"Ben Elif, Cumhuriyet çevresinde yaşayan, enerjisi yüksek ve pozitif biriyim. Birlikte geçireceğimiz zamanın unutulmaz olması için özen gösteriyorum. 29 yaşındayım ve Kuşadası'nda aktif olarak hizmet veriyorum. Uzun süredir bu alanda deneyimliyim ve müşteri memnuniyetini her şeyin üzerinde tutuyorum. Gizliliğe saygı, hijyen ve nezaket benim için vazgeçilmez üç temel ilkedir. Seyahat eden misafirlerin yanı sıra yerel ziyaretçilere de hizmet veriyorum. İngilizce ve Türkçe iletişim kurabiliyorum; yabancı misafirler için de uygun bir profilim. Sunabildiğim özellikler: partner, masaj. Uygun ödeme seçenekleri ve esnek buluşma koşulları sunuyorum. Sorularınız için mesaj atmanız yeterli. Kuşadası'nın gece hayatı, sahil yürüyüşleri ve sakin mekanlarında birlikte vakit geçirmekten hoşlanırım. Sizin tercihlerinize göre programı birlikte şekillendirebiliriz. Kuşadası'nın gece hayatı, sahil yürüyüşleri ve sakin mekanlarında birlikte vakit geçirmekten hoşlanırım. Sizin tercihlerinize göre programı birlikte şekillendirebiliriz."
Aylin,30,"Kuşadası, Hacıfeyzullah",1100,0533 471 49 40,Nakit,"otel gelir, masaj",0,https://picsum.photos/id/550/400/600,"Merhaba, ben Aylin. Kuşadası'nın Hacıfeyzullah bölgesinde sizlere özel, samimi ve güvenilir bir arkadaşlık deneyimi sunuyorum. 30 yaşındayım ve Kuşadası'nda aktif olarak hizmet veriyorum. Kuşadası'nın gece hayatı, sahil yürüyüşleri ve sakin mekanlarında birlikte vakit geçirmekten hoşlanırım. Sizin tercihlerinize göre programı birlikte şekillendirebiliriz. Uzun süredir bu alanda deneyimliyim ve müşteri memnuniyetini her şeyin üzerinde tutuyorum. Gizliliğe saygı, hijyen ve nezaket benim için vazgeçilmez üç temel ilkedir. Sunabildiğim özellikler: otel gelir, masaj. Uygun ödeme seçenekleri ve esnek buluşma koşulları sunuyorum. Sorularınız için mesaj atmanız yeterli. Randevu öncesi kısa bir telefon görüşmesiyle beklentilerinizi dinlemeyi tercih ediyorum. Böylece buluşmamız daha verimli ve keyifli geçiyor. Kuşadası'nın gece hayatı, sahil yürüyüşleri ve sakin mekanlarında birlikte vakit geçirmekten hoşlanırım. Sizin tercihlerinize göre programı birlikte şekillendirebiliriz."
Gamze,28,"Kuşadası, Camiatik",4800,0538 316 79 98,Kripto,"yabancı uyruklu, masaj, türkçe bilir, partner",0,https://picsum.photos/id/582/400/600,"Kuşadası'nın en güzel köşelerinden Camiatik'da hizmet veren Gamze olarak sizleri ağırlamaktan mutluluk duyarım. 28 yaşındayım ve Kuşadası'nda aktif olarak hizmet veriyorum. Şehrin ritmine uyum sağlayan, esnek programım sayesinde günün her saatinde randevu alabilirsiniz. İlk görüşmede rahat hissetmeniz benim için çok önemli; bu yüzden iletişime her zaman açık ve netim. Uzun süredir bu alanda deneyimliyim ve müşteri memnuniyetini her şeyin üzerinde tutuyorum. Gizliliğe saygı, hijyen ve nezaket benim için vazgeçilmez üç temel ilkedir. Sunabildiğim özellikler: yabancı uyruklu, masaj, türkçe bilir, partner. Uygun ödeme seçenekleri ve esnek buluşma koşulları sunuyorum. Sorularınız için mesaj atmanız yeterli. Şehrin ritmine uyum sağlayan, esnek programım sayesinde günün her saatinde randevu alabilirsiniz. İlk görüşmede rahat hissetmeniz benim için çok önemli; bu yüzden iletişime her zaman açık ve netim."
Lale VIP,20,"Kuşadası, Karaova",4500,0535 702 38 10,Kripto,"eve gelir, otel gelir",0,https://picsum.photos/id/633/400/600,"Selam! Adım Lale. Karaova mahallesinde buluşmalar düzenliyorum; sıcakkanlı, anlayışlı ve profesyonel bir yaklaşım benim için öncelik. 20 yaşındayım ve Kuşadası'nda aktif olarak hizmet veriyorum. Şehrin ritmine uyum sağlayan, esnek programım sayesinde günün her saatinde randevu alabilirsiniz. İlk görüşmede rahat hissetmeniz benim için çok önemli; bu yüzden iletişime her zaman açık ve netim. Kuşadası'nın gece hayatı, sahil yürüyüşleri ve sakin mekanlarında birlikte vakit geçirmekten hoşlanırım. Sizin tercihlerinize göre programı birlikte şekillendirebiliriz. Sunabildiğim özellikler: eve gelir, otel gelir. Uygun ödeme seçenekleri ve esnek buluşma koşulları sunuyorum. Sorularınız için mesaj atmanız yeterli. Seyahat eden misafirlerin yanı sıra yerel ziyaretçilere de hizmet veriyorum. İngilizce ve Türkçe iletişim kurabiliyorum; yabancı misafirler için de uygun bir profilim."
Zeynep,35,"Kuşadası, Davutlar",4400,0534 840 83 83,"Nakit, Kredi Kartı","eve gelir, otel gelir, masaj, yabancı uyruklu, partner",0,https://picsum.photos/id/659/400/600,"Kuşadası'nın en güzel köşelerinden Davutlar'da hizmet veren Zeynep olarak sizleri ağırlamaktan mutluluk duyarım. 35 yaşındayım ve Kuşadası'nda aktif olarak hizmet veriyorum. Şehrin ritmine uyum sağlayan, esnek programım sayesinde günün her saatinde randevu alabilirsiniz. İlk görüşmede rahat hissetmeniz benim için çok önemli; bu yüzden iletişime her zaman açık ve netim. Şehrin ritmine uyum sağlayan, esnek programım sayesinde günün her saatinde randevu alabilirsiniz. İlk görüşmede rahat hissetmeniz benim için çok önemli; bu yüzden iletişime her zaman açık ve netim. Sunabildiğim özellikler: eve gelir, otel gelir, masaj, yabancı uyruklu, partner. Detaylı bilgi ve randevu için benimle iletişime geçebilirsiniz. Sizi tanımak ve güzel bir deneyim paylaşmak için sabırsızlanıyorum. Randevu öncesi kısa bir telefon görüşmesiyle beklentilerinizi dinlemeyi tercih ediyorum. Böylece buluşmamız daha verimli ve keyifli geçiyor."
Lale Plus,23,"Kuşadası, Davutlar",2200,0535 649 67 27,"Nakit, Kredi Kartı","eve gelir, otel gelir, yabancı uyruklu, masaj, 24 saat",0,https://picsum.photos/id/672/400/600,"Merhaba, ben Lale. Kuşadası'nın Davutlar bölgesinde sizlere özel, samimi ve güvenilir bir arkadaşlık deneyimi sunuyorum. 23 yaşındayım ve Kuşadası'nda aktif olarak hizmet veriyorum. Şehrin ritmine uyum sağlayan, esnek programım sayesinde günün her saatinde randevu alabilirsiniz. İlk görüşmede rahat hissetmeniz benim için çok önemli; bu yüzden iletişime her zaman açık ve netim. Uzun süredir bu alanda deneyimliyim ve müşteri memnuniyetini her şeyin üzerinde tutuyorum. Gizliliğe saygı, hijyen ve nezaket benim için vazgeçilmez üç temel ilkedir. Sunabildiğim özellikler: eve gelir, otel gelir, yabancı uyruklu, masaj, 24 saat. Uygun ödeme seçenekleri ve esnek buluşma koşulları sunuyorum. Sorularınız için mesaj atmanız yeterli. Randevu öncesi kısa bir telefon görüşmesiyle beklentilerinizi dinlemeyi tercih ediyorum. Böylece buluşmamız daha verimli ve keyifli geçiyor."
Rana,35,"Kuşadası, Davutlar",3500,0532 268 58 10,"Kredi Kartı, Kripto","yabancı uyruklu, masaj, 24 saat, partner",1,https://picsum.photos/id/836/400/600,"Selam! Adım Rana. Davutlar mahallesinde buluşmalar düzenliyorum; sıcakkanlı, anlayışlı ve profesyonel bir yaklaşım benim için öncelik. 35 yaşındayım ve Kuşadası'nda aktif olarak hizmet veriyorum. Uzun süredir bu alanda deneyimliyim ve müşteri memnuniyetini her şeyin üzerinde tutuyorum. Gizliliğe saygı, hijyen ve nezaket benim için vazgeçilmez üç temel ilkedir. Şehrin ritmine uyum sağlayan, esnek programım sayesinde günün her saatinde randevu alabilirsiniz. İlk görüşmede rahat hissetmeniz benim için çok önemli; bu yüzden iletişime her zaman açık ve netim. Sunabildiğim özellikler: yabancı uyruklu, masaj, 24 saat, partner. Detaylı bilgi ve randevu için benimle iletişime geçebilirsiniz. Sizi tanımak ve güzel bir deneyim paylaşmak için sabırsızlanıyorum. Seyahat eden misafirlerin yanı sıra yerel ziyaretçilere de hizmet veriyorum. İngilizce ve Türkçe iletişim kurabiliyorum; yabancı misafirler için de uygun bir profilim."
Ceyda,21,"Kuşadası, Karaova",4000,0542 973 77 30,Kripto,"partner, eve gelir",1,https://picsum.photos/id/1027/400/600,"Merhaba, ben Ceyda. Kuşadası'nın Karaova bölgesinde sizlere özel, samimi ve güvenilir bir arkadaşlık deneyimi sunuyorum. 21 yaşındayım ve Kuşadası'nda aktif olarak hizmet veriyorum. Uzun süredir bu alanda deneyimliyim ve müşteri memnuniyetini her şeyin üzerinde tutuyorum. Gizliliğe saygı, hijyen ve nezaket benim için vazgeçilmez üç temel ilkedir. Randevu öncesi kısa bir telefon görüşmesiyle beklentilerinizi dinlemeyi tercih ediyorum. Böylece buluşmamız daha verimli ve keyifli geçiyor. Sunabildiğim özellikler: partner, eve gelir. Detaylı bilgi ve randevu için benimle iletişime geçebilirsiniz. Sizi tanımak ve güzel bir deneyim paylaşmak için sabırsızlanıyorum. Kuşadası'nın gece hayatı, sahil yürüyüşleri ve sakin mekanlarında birlikte vakit geçirmekten hoşlanırım. Sizin tercihlerinize göre programı birlikte şekillendirebiliriz. Uzun süredir bu alanda deneyimliyim ve müşteri memnuniyetini her şeyin üzerinde tutuyorum. Gizliliğe saygı, hijyen ve nezaket benim için vazgeçilmez üç temel ilkedir."
Umay VIP,21,"Kuşadası, Karaova",1500,0538 773 84 82,"Kredi Kartı, Kripto, Nakit","eve gelir, türkçe bilir, yabancı uyruklu, partner",0,https://picsum.photos/id/1011/400/600,"Selam! Adım Umay. Karaova mahallesinde buluşmalar düzenliyorum; sıcakkanlı, anlayışlı ve profesyonel bir yaklaşım benim için öncelik. 21 yaşındayım ve Kuşadası'nda aktif olarak hizmet veriyorum. Randevu öncesi kısa bir telefon görüşmesiyle beklentilerinizi dinlemeyi tercih ediyorum. Böylece buluşmamız daha verimli ve keyifli geçiyor. Seyahat eden misafirlerin yanı sıra yerel ziyaretçilere de hizmet veriyorum. İngilizce ve Türkçe iletişim kurabiliyorum; yabancı misafirler için de uygun bir profilim. Sunabildiğim özellikler: eve gelir, türkçe bilir, yabancı uyruklu, partner. Detaylı bilgi ve randevu için benimle iletişime geçebilirsiniz. Sizi tanımak ve güzel bir deneyim paylaşmak için sabırsızlanıyorum. Şehrin ritmine uyum sağlayan, esnek programım sayesinde günün her saatinde randevu alabilirsiniz. İlk görüşmede rahat hissetmeniz benim için çok önemli; bu yüzden iletişime her zaman açık ve netim."
Pınar,23,"Kuşadası, Yılancı Burnu",4400,0535 618 43 26,"Nakit, Kripto","türkçe bilir, eve gelir, yabancı uyruklu, partner",0,https://picsum.photos/id/1005/400/600,"Merhaba, ben Pınar. Kuşadası'nın Yılancı Burnu bölgesinde sizlere özel, samimi ve güvenilir bir arkadaşlık deneyimi sunuyorum. 23 yaşındayım ve Kuşadası'nda aktif olarak hizmet veriyorum. Kuşadası'nın gece hayatı, sahil yürüyüşleri ve sakin mekanlarında birlikte vakit geçirmekten hoşlanırım. Sizin tercihlerinize göre programı birlikte şekillendirebiliriz. Seyahat eden misafirlerin yanı sıra yerel ziyaretçilere de hizmet veriyorum. İngilizce ve Türkçe iletişim kurabiliyorum; yabancı misafirler için de uygun bir profilim. Sunabildiğim özellikler: türkçe bilir, eve gelir, yabancı uyruklu, partner. Detaylı bilgi ve randevu için benimle iletişime geçebilirsiniz. Sizi tanımak ve güzel bir deneyim paylaşmak için sabırsızlanıyorum. Uzun süredir bu alanda deneyimliyim ve müşteri memnuniyetini her şeyin üzerinde tutuyorum. Gizliliğe saygı, hijyen ve nezaket benim için vazgeçilmez üç temel ilkedir."
Jale VIP,23,"Kuşadası, Yılancı Burnu",4500,0534 378 46 87,Kripto,"eve gelir, masaj, türkçe bilir, yabancı uyruklu",0,https://picsum.photos/id/996/400/600,"Merhaba, ben Jale. Kuşadası'nın Yılancı Burnu bölgesinde sizlere özel, samimi ve güvenilir bir arkadaşlık deneyimi sunuyorum. 23 yaşındayım ve Kuşadası'nda aktif olarak hizmet veriyorum. Şehrin ritmine uyum sağlayan, esnek programım sayesinde günün her saatinde randevu alabilirsiniz. İlk görüşmede rahat hissetmeniz benim için çok önemli; bu yüzden iletişime her zaman açık ve netim. Randevu öncesi kısa bir telefon görüşmesiyle beklentilerinizi dinlemeyi tercih ediyorum. Böylece buluşmamız daha verimli ve keyifli geçiyor. Sunabildiğim özellikler: eve gelir, masaj, türkçe bilir, yabancı uyruklu. Profilimi incelediğiniz için teşekkürler. Güvenilir, samimi ve profesyonel bir buluşma için doğru adrestesiniz. Şehrin ritmine uyum sağlayan, esnek programım sayesinde günün her saatinde randevu alabilirsiniz. İlk görüşmede rahat hissetmeniz benim için çok önemli; bu yüzden iletişime her zaman açık ve netim."
Aylin VIP,30,"Kuşadası, Güvercinada",5000,0536 265 66 80,"Kredi Kartı, Nakit, Kripto","masaj, eve gelir",0,https://picsum.photos/id/978/400/600,"Selam! Adım Aylin. Güvercinada mahallesinde buluşmalar düzenliyorum; sıcakkanlı, anlayışlı ve profesyonel bir yaklaşım benim için öncelik. 30 yaşındayım ve Kuşadası'nda aktif olarak hizmet veriyorum. Kuşadası'nın gece hayatı, sahil yürüyüşleri ve sakin mekanlarında birlikte vakit geçirmekten hoşlanırım. Sizin tercihlerinize göre programı birlikte şekillendirebiliriz. Kuşadası'nın gece hayatı, sahil yürüyüşleri ve sakin mekanlarında birlikte vakit geçirmekten hoşlanırım. Sizin tercihlerinize göre programı birlikte şekillendirebiliriz. Sunabildiğim özellikler: masaj, eve gelir. Uygun ödeme seçenekleri ve esnek buluşma koşulları sunuyorum. Sorularınız için mesaj atmanız yeterli. Randevu öncesi kısa bir telefon görüşmesiyle beklentilerinizi dinlemeyi tercih ediyorum. Böylece buluşmamız daha verimli ve keyifli geçiyor. Uzun süredir bu alanda deneyimliyim ve müşteri memnuniyetini her şeyin üzerinde tutuyorum. Gizliliğe saygı, hijyen ve nezaket benim için vazgeçilmez üç temel ilkedir."
Ceyda VIP,29,"Kuşadası, Türkmen",1200,0537 315 97 41,"Nakit, Kredi Kartı, Kripto","eve gelir, partner, masaj",0,https://picsum.photos/id/962/400/600,"Merhaba, ben Ceyda. Kuşadası'nın Türkmen bölgesinde sizlere özel, samimi ve güvenilir bir arkadaşlık deneyimi sunuyorum. 29 yaşındayım ve Kuşadası'nda aktif olarak hizmet veriyorum. Uzun süredir bu alanda deneyimliyim ve müşteri memnuniyetini her şeyin üzerinde tutuyorum. Gizliliğe saygı, hijyen ve nezaket benim için vazgeçilmez üç temel ilkedir. Seyahat eden misafirlerin yanı sıra yerel ziyaretçilere de hizmet veriyorum. İngilizce ve Türkçe iletişim kurabiliyorum; yabancı misafirler için de uygun bir profilim. Sunabildiğim özellikler: eve gelir, partner, masaj. Her buluşmada özenli, saygılı ve pozitif bir atmosfer yaratmaya çalışıyorum. Görüşmek üzere! Uzun süredir bu alanda deneyimliyim ve müşteri memnuniyetini her şeyin üzerinde tutuyorum. Gizliliğe saygı, hijyen ve nezaket benim için vazgeçilmez üç temel ilkedir. Seyahat eden misafirlerin yanı sıra yerel ziyaretçilere de hizmet veriyorum. İngilizce ve Türkçe iletişim kurabiliyorum; yabancı misafirler için de uygun bir profilim."
Gamze VIP,23,"Kuşadası, Cumhuriyet",1200,0539 327 35 68,"Kredi Kartı, Nakit","otel gelir, masaj, eve gelir",0,https://picsum.photos/id/950/400/600,"Selam! Adım Gamze. Cumhuriyet mahallesinde buluşmalar düzenliyorum; sıcakkanlı, anlayışlı ve profesyonel bir yaklaşım benim için öncelik. 23 yaşındayım ve Kuşadası'nda aktif olarak hizmet veriyorum. Şehrin ritmine uyum sağlayan, esnek programım sayesinde günün her saatinde randevu alabilirsiniz. İlk görüşmede rahat hissetmeniz benim için çok önemli; bu yüzden iletişime her zaman açık ve netim. Seyahat eden misafirlerin yanı sıra yerel ziyaretçilere de hizmet veriyorum. İngilizce ve Türkçe iletişim kurabiliyorum; yabancı misafirler için de uygun bir profilim. Sunabildiğim özellikler: otel gelir, masaj, eve gelir. Profilimi incelediğiniz için teşekkürler. Güvenilir, samimi ve profesyonel bir buluşma için doğru adrestesiniz. Kuşadası'nın gece hayatı, sahil yürüyüşleri ve sakin mekanlarında birlikte vakit geçirmekten hoşlanırım. Sizin tercihlerinize göre programı birlikte şekillendirebiliriz."
Nazlı,30,"Kuşadası, Kadınlar Denizi",1700,0536 282 84 43,Nakit,"türkçe bilir, masaj, partner, yabancı uyruklu, 24 saat",0,https://picsum.photos/id/921/400/600,"Merhaba, ben Nazlı. Kuşadası'nın Kadınlar Denizi bölgesinde sizlere özel, samimi ve güvenilir bir arkadaşlık deneyimi sunuyorum. 30 yaşındayım ve Kuşadası'nda aktif olarak hizmet veriyorum. Randevu öncesi kısa bir telefon görüşmesiyle beklentilerinizi dinlemeyi tercih ediyorum. Böylece buluşmamız daha verimli ve keyifli geçiyor. Kuşadası'nın gece hayatı, sahil yürüyüşleri ve sakin mekanlarında birlikte vakit geçirmekten hoşlanırım. Sizin tercihlerinize göre programı birlikte şekillendirebiliriz. Sunabildiğim özellikler: türkçe bilir, masaj, partner, yabancı uyruklu, 24 saat. Uygun ödeme seçenekleri ve esnek buluşma koşulları sunuyorum. Sorularınız için mesaj atmanız yeterli. Seyahat eden misafirlerin yanı sıra yerel ziyaretçilere de hizmet veriyorum. İngilizce ve Türkçe iletişim kurabiliyorum; yabancı misafirler için de uygun bir profilim. Şehrin ritmine uyum sağlayan, esnek programım sayesinde günün her saatinde randevu alabilirsiniz. İlk görüşmede rahat hissetmeniz benim için çok önemli; bu yüzden iletişime her zaman açık ve netim."
Özge,20,"Kuşadası, Camiatik",4400,0544 836 95 35,"Kredi Kartı, Nakit","24 saat, türkçe bilir, otel gelir, masaj",0,https://picsum.photos/id/897/400/600,"Kuşadası'nın en güzel köşelerinden Camiatik'da hizmet veren Özge olarak sizleri ağırlamaktan mutluluk duyarım. 20 yaşındayım ve Kuşadası'nda aktif olarak hizmet veriyorum. Seyahat eden misafirlerin yanı sıra yerel ziyaretçilere de hizmet veriyorum. İngilizce ve Türkçe iletişim kurabiliyorum; yabancı misafirler için de uygun bir profilim. Randevu öncesi kısa bir telefon görüşmesiyle beklentilerinizi dinlemeyi tercih ediyorum. Böylece buluşmamız daha verimli ve keyifli geçiyor. Sunabildiğim özellikler: 24 saat, türkçe bilir, otel gelir, masaj. Profilimi incelediğiniz için teşekkürler. Güvenilir, samimi ve profesyonel bir buluşma için doğru adrestesiniz. Kuşadası'nın gece hayatı, sahil yürüyüşleri ve sakin mekanlarında birlikte vakit geçirmekten hoşlanırım. Sizin tercihlerinize göre programı birlikte şekillendirebiliriz. Uzun süredir bu alanda deneyimliyim ve müşteri memnuniyetini her şeyin üzerinde tutuyorum. Gizliliğe saygı, hijyen ve nezaket benim için vazgeçilmez üç temel ilkedir."
Hale,33,"Kuşadası, Güzelçamlı",3400,0544 866 32 88,"Kredi Kartı, Kripto, Nakit","türkçe bilir, eve gelir, yabancı uyruklu, partner",0,https://picsum.photos/id/883/400/600,"Kuşadası'nın en güzel köşelerinden Güzelçamlı'da hizmet veren Hale olarak sizleri ağırlamaktan mutluluk duyarım. 33 yaşındayım ve Kuşadası'nda aktif olarak hizmet veriyorum. Uzun süredir bu alanda deneyimliyim ve müşteri memnuniyetini her şeyin üzerinde tutuyorum. Gizliliğe saygı, hijyen ve nezaket benim için vazgeçilmez üç temel ilkedir. Kuşadası'nın gece hayatı, sahil yürüyüşleri ve sakin mekanlarında birlikte vakit geçirmekten hoşlanırım. Sizin tercihlerinize göre programı birlikte şekillendirebiliriz. Sunabildiğim özellikler: türkçe bilir, eve gelir, yabancı uyruklu, partner. Her buluşmada özenli, saygılı ve pozitif bir atmosfer yaratmaya çalışıyorum. Görüşmek üzere! Uzun süredir bu alanda deneyimliyim ve müşteri memnuniyetini her şeyin üzerinde tutuyorum. Gizliliğe saygı, hijyen ve nezaket benim için vazgeçilmez üç temel ilkedir. Şehrin ritmine uyum sağlayan, esnek programım sayesinde günün her saatinde randevu alabilirsiniz. İlk görüşmede rahat hissetmeniz benim için çok önemli; bu yüzden iletişime her zaman açık ve netim."
Kader,30,"Kuşadası, Yılancı Burnu",2500,0544 417 38 35,Nakit,"eve gelir, yabancı uyruklu",0,https://picsum.photos/id/862/400/600,"Merhaba, ben Kader. Kuşadası'nın Yılancı Burnu bölgesinde sizlere özel, samimi ve güvenilir bir arkadaşlık deneyimi sunuyorum. 30 yaşındayım ve Kuşadası'nda aktif olarak hizmet veriyorum. Randevu öncesi kısa bir telefon görüşmesiyle beklentilerinizi dinlemeyi tercih ediyorum. Böylece buluşmamız daha verimli ve keyifli geçiyor. Randevu öncesi kısa bir telefon görüşmesiyle beklentilerinizi dinlemeyi tercih ediyorum. Böylece buluşmamız daha verimli ve keyifli geçiyor. Sunabildiğim özellikler: eve gelir, yabancı uyruklu. Uygun ödeme seçenekleri ve esnek buluşma koşulları sunuyorum. Sorularınız için mesaj atmanız yeterli. Randevu öncesi kısa bir telefon görüşmesiyle beklentilerinizi dinlemeyi tercih ediyorum. Böylece buluşmamız daha verimli ve keyifli geçiyor. Randevu öncesi kısa bir telefon görüşmesiyle beklentilerinizi dinlemeyi tercih ediyorum. Böylece buluşmamız daha verimli ve keyifli geçiyor."
Nazlı VIP,27,"Kuşadası, Güvercinada",1000,0533 897 64 38,Kripto,"otel gelir, 24 saat, eve gelir, partner, masaj",1,https://picsum.photos/id/839/400/600,"Kuşadası'nın en güzel köşelerinden Güvercinada'da hizmet veren Nazlı olarak sizleri ağırlamaktan mutluluk duyarım. 27 yaşındayım ve Kuşadası'nda aktif olarak hizmet veriyorum. Kuşadası'nın gece hayatı, sahil yürüyüşleri ve sakin mekanlarında birlikte vakit geçirmekten hoşlanırım. Sizin tercihlerinize göre programı birlikte şekillendirebiliriz. Kuşadası'nın gece hayatı, sahil yürüyüşleri ve sakin mekanlarında birlikte vakit geçirmekten hoşlanırım. Sizin tercihlerinize göre programı birlikte şekillendirebiliriz. Sunabildiğim özellikler: otel gelir, 24 saat, eve gelir, partner, masaj. Profilimi incelediğiniz için teşekkürler. Güvenilir, samimi ve profesyonel bir buluşma için doğru adrestesiniz. Randevu öncesi kısa bir telefon görüşmesiyle beklentilerinizi dinlemeyi tercih ediyorum. Böylece buluşmamız daha verimli ve keyifli geçiyor. Kuşadası'nın gece hayatı, sahil yürüyüşleri ve sakin mekanlarında birlikte vakit geçirmekten hoşlanırım. Sizin tercihlerinize göre programı birlikte şekillendirebiliriz."
Selin,33,"Kuşadası, Camiatik",3800,0534 861 70 67,"Nakit, Kredi Kartı","masaj, eve gelir, türkçe bilir, yabancı uyruklu, otel gelir",0,https://picsum.photos/id/64/400/600,"Ben Selin, Camiatik çevresinde yaşayan, enerjisi yüksek ve pozitif biriyim. Birlikte geçireceğimiz zamanın unutulmaz olması için özen gösteriyorum. 33 yaşındayım ve Kuşadası'nda aktif olarak hizmet veriyorum. Seyahat eden misafirlerin yanı sıra yerel ziyaretçilere de hizmet veriyorum. İngilizce ve Türkçe iletişim kurabiliyorum; yabancı misafirler için de uygun bir profilim. Seyahat eden misafirlerin yanı sıra yerel ziyaretçilere de hizmet veriyorum. İngilizce ve Türkçe iletişim kurabiliyorum; yabancı misafirler için de uygun bir profilim. Sunabildiğim özellikler: masaj, eve gelir, türkçe bilir, yabancı uyruklu, otel gelir. Profilimi incelediğiniz için teşekkürler. Güvenilir, samimi ve profesyonel bir buluşma için doğru adrestesiniz. Kuşadası'nın gece hayatı, sahil yürüyüşleri ve sakin mekanlarında birlikte vakit geçirmekten hoşlanırım. Sizin tercihlerinize göre programı birlikte şekillendirebiliriz."
Derya,24,"Kuşadası, Güvercinada",2400,0538 810 29 37,Kredi Kartı,"türkçe bilir, 24 saat, yabancı uyruklu, masaj, otel gelir",1,https://picsum.photos/id/65/400/600,"Kuşadası'nın en güzel köşelerinden Güvercinada'da hizmet veren Derya olarak sizleri ağırlamaktan mutluluk duyarım. 24 yaşındayım ve Kuşadası'nda aktif olarak hizmet veriyorum. Randevu öncesi kısa bir telefon görüşmesiyle beklentilerinizi dinlemeyi tercih ediyorum. Böylece buluşmamız daha verimli ve keyifli geçiyor. Kuşadası'nın gece hayatı, sahil yürüyüşleri ve sakin mekanlarında birlikte vakit geçirmekten hoşlanırım. Sizin tercihlerinize göre programı birlikte şekillendirebiliriz. Sunabildiğim özellikler: türkçe bilir, 24 saat, yabancı uyruklu, masaj, otel gelir. Detaylı bilgi ve randevu için benimle iletişime geçebilirsiniz. Sizi tanımak ve güzel bir deneyim paylaşmak için sabırsızlanıyorum. Kuşadası'nın gece hayatı, sahil yürüyüşleri ve sakin mekanlarında birlikte vakit geçirmekten hoşlanırım. Sizin tercihlerinize göre programı birlikte şekillendirebiliriz. Randevu öncesi kısa bir telefon görüşmesiyle beklentilerinizi dinlemeyi tercih ediyorum. Böylece buluşmamız daha verimli ve keyifli geçiyor."
Rana VIP,20,"Kuşadası, Türkmen",2900,0538 973 63 78,"Kripto, Nakit, Kredi Kartı","türkçe bilir, yabancı uyruklu, masaj",1,https://picsum.photos/id/177/400/600,"Selam! Adım Rana. Türkmen mahallesinde buluşmalar düzenliyorum; sıcakkanlı, anlayışlı ve profesyonel bir yaklaşım benim için öncelik. 20 yaşındayım ve Kuşadası'nda aktif olarak hizmet veriyorum. Randevu öncesi kısa bir telefon görüşmesiyle beklentilerinizi dinlemeyi tercih ediyorum. Böylece buluşmamız daha verimli ve keyifli geçiyor. Uzun süredir bu alanda deneyimliyim ve müşteri memnuniyetini her şeyin üzerinde tutuyorum. Gizliliğe saygı, hijyen ve nezaket benim için vazgeçilmez üç temel ilkedir. Sunabildiğim özellikler: türkçe bilir, yabancı uyruklu, masaj. Her buluşmada özenli, saygılı ve pozitif bir atmosfer yaratmaya çalışıyorum. Görüşmek üzere! Uzun süredir bu alanda deneyimliyim ve müşteri memnuniyetini her şeyin üzerinde tutuyorum. Gizliliğe saygı, hijyen ve nezaket benim için vazgeçilmez üç temel ilkedir. Kuşadası'nın gece hayatı, sahil yürüyüşleri ve sakin mekanlarında birlikte vakit geçirmekten hoşlanırım. Sizin tercihlerinize göre programı birlikte şekillendirebiliriz."
Tuğçe,20,"Kuşadası, Cumhuriyet",4700,0543 778 13 20,"Kredi Kartı, Nakit, Kripto","otel gelir, türkçe bilir, yabancı uyruklu",0,https://picsum.photos/id/338/400/600,"Kuşadası'nın en güzel köşelerinden Cumhuriyet'da hizmet veren Tuğçe olarak sizleri ağırlamaktan mutluluk duyarım. 20 yaşındayım ve Kuşadası'nda aktif olarak hizmet veriyorum. Seyahat eden misafirlerin yanı sıra yerel ziyaretçilere de hizmet veriyorum. İngilizce ve Türkçe iletişim kurabiliyorum; yabancı misafirler için de uygun bir profilim. Seyahat eden misafirlerin yanı sıra yerel ziyaretçilere de hizmet veriyorum. İngilizce ve Türkçe iletişim kurabiliyorum; yabancı misafirler için de uygun bir profilim. Sunabildiğim özellikler: otel gelir, türkçe bilir, yabancı uyruklu. Her buluşmada özenli, saygılı ve pozitif bir atmosfer yaratmaya çalışıyorum. Görüşmek üzere! Seyahat eden misafirlerin yanı sıra yerel ziyaretçilere de hizmet veriyorum. İngilizce ve Türkçe iletişim kurabiliyorum; yabancı misafirler için de uygun bir profilim. Randevu öncesi kısa bir telefon görüşmesiyle beklentilerinizi dinlemeyi tercih ediyorum. Böylece buluşmamız daha verimli ve keyifli geçiyor."
Jale Plus,22,"Kuşadası, Hacıfeyzullah",1100,0545 652 16 54,Kripto,"partner, masaj",1,https://picsum.photos/id/399/400/600,"Merhaba, ben Jale. Kuşadası'nın Hacıfeyzullah bölgesinde sizlere özel, samimi ve güvenilir bir arkadaşlık deneyimi sunuyorum. 22 yaşındayım ve Kuşadası'nda aktif olarak hizmet veriyorum. Uzun süredir bu alanda deneyimliyim ve müşteri memnuniyetini her şeyin üzerinde tutuyorum. Gizliliğe saygı, hijyen ve nezaket benim için vazgeçilmez üç temel ilkedir. Uzun süredir bu alanda deneyimliyim ve müşteri memnuniyetini her şeyin üzerinde tutuyorum. Gizliliğe saygı, hijyen ve nezaket benim için vazgeçilmez üç temel ilkedir. Sunabildiğim özellikler: partner, masaj. Detaylı bilgi ve randevu için benimle iletişime geçebilirsiniz. Sizi tanımak ve güzel bir deneyim paylaşmak için sabırsızlanıyorum. Kuşadası'nın gece hayatı, sahil yürüyüşleri ve sakin mekanlarında birlikte vakit geçirmekten hoşlanırım. Sizin tercihlerinize göre programı birlikte şekillendirebiliriz. Uzun süredir bu alanda deneyimliyim ve müşteri memnuniyetini her şeyin üzerinde tutuyorum. Gizliliğe saygı, hijyen ve nezaket benim için vazgeçilmez üç temel ilkedir."
Irmak,24,"Kuşadası, Hacıfeyzullah",1700,0543 323 69 99,"Kredi Kartı, Nakit","partner, eve gelir",0,https://picsum.photos/id/447/400/600,"Merhaba, ben Irmak. Kuşadası'nın Hacıfeyzullah bölgesinde sizlere özel, samimi ve güvenilir bir arkadaşlık deneyimi sunuyorum. 24 yaşındayım ve Kuşadası'nda aktif olarak hizmet veriyorum. Kuşadası'nın gece hayatı, sahil yürüyüşleri ve sakin mekanlarında birlikte vakit geçirmekten hoşlanırım. Sizin tercihlerinize göre programı birlikte şekillendirebiliriz. Şehrin ritmine uyum sağlayan, esnek programım sayesinde günün her saatinde randevu alabilirsiniz. İlk görüşmede rahat hissetmeniz benim için çok önemli; bu yüzden iletişime her zaman açık ve netim. Sunabildiğim özellikler: partner, eve gelir. Profilimi incelediğiniz için teşekkürler. Güvenilir, samimi ve profesyonel bir buluşma için doğru adrestesiniz. Kuşadası'nın gece hayatı, sahil yürüyüşleri ve sakin mekanlarında birlikte vakit geçirmekten hoşlanırım. Sizin tercihlerinize göre programı birlikte şekillendirebiliriz. Randevu öncesi kısa bir telefon görüşmesiyle beklentilerinizi dinlemeyi tercih ediyorum. Böylece buluşmamız daha verimli ve keyifli geçiyor."
Nazlı Plus,26,"Kuşadası, Yılancı Burnu",4700,0545 950 90 41,Kripto,"partner, masaj, 24 saat, otel gelir",0,https://picsum.photos/id/548/400/600,"Merhaba, ben Nazlı. Kuşadası'nın Yılancı Burnu bölgesinde sizlere özel, samimi ve güvenilir bir arkadaşlık deneyimi sunuyorum. 26 yaşındayım ve Kuşadası'nda aktif olarak hizmet veriyorum. Seyahat eden misafirlerin yanı sıra yerel ziyaretçilere de hizmet veriyorum. İngilizce ve Türkçe iletişim kurabiliyorum; yabancı misafirler için de uygun bir profilim. Kuşadası'nın gece hayatı, sahil yürüyüşleri ve sakin mekanlarında birlikte vakit geçirmekten hoşlanırım. Sizin tercihlerinize göre programı birlikte şekillendirebiliriz. Sunabildiğim özellikler: partner, masaj, 24 saat, otel gelir. Her buluşmada özenli, saygılı ve pozitif bir atmosfer yaratmaya çalışıyorum. Görüşmek üzere! Seyahat eden misafirlerin yanı sıra yerel ziyaretçilere de hizmet veriyorum. İngilizce ve Türkçe iletişim kurabiliyorum; yabancı misafirler için de uygun bir profilim. Şehrin ritmine uyum sağlayan, esnek programım sayesinde günün her saatinde randevu alabilirsiniz. İlk görüşmede rahat hissetmeniz benim için çok önemli; bu yüzden iletişime her zaman açık ve netim."
Selin VIP,30,"Kuşadası, Kadınlar Denizi",3600,0539 208 65 56,"Kredi Kartı, Nakit, Kripto","masaj, 24 saat, türkçe bilir",0,https://picsum.photos/id/550/400/600,"Kuşadası'nın en güzel köşelerinden Kadınlar Denizi'da hizmet veren Selin olarak sizleri ağırlamaktan mutluluk duyarım. 30 yaşındayım ve Kuşadası'nda aktif olarak hizmet veriyorum. Randevu öncesi kısa bir telefon görüşmesiyle beklentilerinizi dinlemeyi tercih ediyorum. Böylece buluşmamız daha verimli ve keyifli geçiyor. Randevu öncesi kısa bir telefon görüşmesiyle beklentilerinizi dinlemeyi tercih ediyorum. Böylece buluşmamız daha verimli ve keyifli geçiyor. Sunabildiğim özellikler: masaj, 24 saat, türkçe bilir. Profilimi incelediğiniz için teşekkürler. Güvenilir, samimi ve profesyonel bir buluşma için doğru adrestesiniz. Seyahat eden misafirlerin yanı sıra yerel ziyaretçilere de hizmet veriyorum. İngilizce ve Türkçe iletişim kurabiliyorum; yabancı misafirler için de uygun bir profilim. Uzun süredir bu alanda deneyimliyim ve müşteri memnuniyetini her şeyin üzerinde tutuyorum. Gizliliğe saygı, hijyen ve nezaket benim için vazgeçilmez üç temel ilkedir."
Derya VIP,28,"Kuşadası, Hacıfeyzullah",2500,0539 683 88 95,"Kredi Kartı, Nakit","partner, türkçe bilir, eve gelir, yabancı uyruklu, otel gelir",0,https://picsum.photos/id/582/400/600,"Selam! Adım Derya. Hacıfeyzullah mahallesinde buluşmalar düzenliyorum; sıcakkanlı, anlayışlı ve profesyonel bir yaklaşım benim için öncelik. 28 yaşındayım ve Kuşadası'nda aktif olarak hizmet veriyorum. Seyahat eden misafirlerin yanı sıra yerel ziyaretçilere de hizmet veriyorum. İngilizce ve Türkçe iletişim kurabiliyorum; yabancı misafirler için de uygun bir profilim. Seyahat eden misafirlerin yanı sıra yerel ziyaretçilere de hizmet veriyorum. İngilizce ve Türkçe iletişim kurabiliyorum; yabancı misafirler için de uygun bir profilim. Sunabildiğim özellikler: partner, türkçe bilir, eve gelir, yabancı uyruklu, otel gelir. Profilimi incelediğiniz için teşekkürler. Güvenilir, samimi ve profesyonel bir buluşma için doğru adrestesiniz. Kuşadası'nın gece hayatı, sahil yürüyüşleri ve sakin mekanlarında birlikte vakit geçirmekten hoşlanırım. Sizin tercihlerinize göre programı birlikte şekillendirebiliriz."
Aylin Plus,26,"Kuşadası, Yılancı Burnu",2500,0545 516 72 81,Kripto,"masaj, partner, yabancı uyruklu, 24 saat, otel gelir",1,https://picsum.photos/id/633/400/600,"Ben Aylin, Yılancı Burnu çevresinde yaşayan, enerjisi yüksek ve pozitif biriyim. Birlikte geçireceğimiz zamanın unutulmaz olması için özen gösteriyorum. 26 yaşındayım ve Kuşadası'nda aktif olarak hizmet veriyorum. Randevu öncesi kısa bir telefon görüşmesiyle beklentilerinizi dinlemeyi tercih ediyorum. Böylece buluşmamız daha verimli ve keyifli geçiyor. Uzun süredir bu alanda deneyimliyim ve müşteri memnuniyetini her şeyin üzerinde tutuyorum. Gizliliğe saygı, hijyen ve nezaket benim için vazgeçilmez üç temel ilkedir. Sunabildiğim özellikler: masaj, partner, yabancı uyruklu, 24 saat, otel gelir. Profilimi incelediğiniz için teşekkürler. Güvenilir, samimi ve profesyonel bir buluşma için doğru adrestesiniz. Kuşadası'nın gece hayatı, sahil yürüyüşleri ve sakin mekanlarında birlikte vakit geçirmekten hoşlanırım. Sizin tercihlerinize göre programı birlikte şekillendirebiliriz. Seyahat eden misafirlerin yanı sıra yerel ziyaretçilere de hizmet veriyorum. İngilizce ve Türkçe iletişim kurabiliyorum; yabancı misafirler için de uygun bir profilim."
Rana Plus,31,"Kuşadası, Cumhuriyet",4500,0537 460 99 68,"Kredi Kartı, Kripto","otel gelir, masaj, eve gelir",0,https://picsum.photos/id/659/400/600,"Ben Rana, Cumhuriyet çevresinde yaşayan, enerjisi yüksek ve pozitif biriyim. Birlikte geçireceğimiz zamanın unutulmaz olması için özen gösteriyorum. 31 yaşındayım ve Kuşadası'nda aktif olarak hizmet veriyorum. Uzun süredir bu alanda deneyimliyim ve müşteri memnuniyetini her şeyin üzerinde tutuyorum. Gizliliğe saygı, hijyen ve nezaket benim için vazgeçilmez üç temel ilkedir. Uzun süredir bu alanda deneyimliyim ve müşteri memnuniyetini her şeyin üzerinde tutuyorum. Gizliliğe saygı, hijyen ve nezaket benim için vazgeçilmez üç temel ilkedir. Sunabildiğim özellikler: otel gelir, masaj, eve gelir. Her buluşmada özenli, saygılı ve pozitif bir atmosfer yaratmaya çalışıyorum. Görüşmek üzere! Seyahat eden misafirlerin yanı sıra yerel ziyaretçilere de hizmet veriyorum. İngilizce ve Türkçe iletişim kurabiliyorum; yabancı misafirler için de uygun bir profilim."
Umay Plus,29,"Kuşadası, Yılancı Burnu",2200,0536 332 56 32,"Nakit, Kripto","otel gelir, partner, 24 saat, türkçe bilir",0,https://picsum.photos/id/672/400/600,"Ben Umay, Yılancı Burnu çevresinde yaşayan, enerjisi yüksek ve pozitif biriyim. Birlikte geçireceğimiz zamanın unutulmaz olması için özen gösteriyorum. 29 yaşındayım ve Kuşadası'nda aktif olarak hizmet veriyorum. Randevu öncesi kısa bir telefon görüşmesiyle beklentilerinizi dinlemeyi tercih ediyorum. Böylece buluşmamız daha verimli ve keyifli geçiyor. Şehrin ritmine uyum sağlayan, esnek programım sayesinde günün her saatinde randevu alabilirsiniz. İlk görüşmede rahat hissetmeniz benim için çok önemli; bu yüzden iletişime her zaman açık ve netim. Sunabildiğim özellikler: otel gelir, partner, 24 saat, türkçe bilir. Detaylı bilgi ve randevu için benimle iletişime geçebilirsiniz. Sizi tanımak ve güzel bir deneyim paylaşmak için sabırsızlanıyorum. Kuşadası'nın gece hayatı, sahil yürüyüşleri ve sakin mekanlarında birlikte vakit geçirmekten hoşlanırım. Sizin tercihlerinize göre programı birlikte şekillendirebiliriz."
Kader VIP,35,"Kuşadası, Hacıfeyzullah",3800,0537 288 16 42,"Nakit, Kripto","yabancı uyruklu, otel gelir, 24 saat, masaj, partner",1,https://picsum.photos/id/836/400/600,"Selam! Adım Kader. Hacıfeyzullah mahallesinde buluşmalar düzenliyorum; sıcakkanlı, anlayışlı ve profesyonel bir yaklaşım benim için öncelik. 35 yaşındayım ve Kuşadası'nda aktif olarak hizmet veriyorum. Şehrin ritmine uyum sağlayan, esnek programım sayesinde günün her saatinde randevu alabilirsiniz. İlk görüşmede rahat hissetmeniz benim için çok önemli; bu yüzden iletişime her zaman açık ve netim. Uzun süredir bu alanda deneyimliyim ve müşteri memnuniyetini her şeyin üzerinde tutuyorum. Gizliliğe saygı, hijyen ve nezaket benim için vazgeçilmez üç temel ilkedir. Sunabildiğim özellikler: yabancı uyruklu, otel gelir, 24 saat, masaj, partner. Detaylı bilgi ve randevu için benimle iletişime geçebilirsiniz. Sizi tanımak ve güzel bir deneyim paylaşmak için sabırsızlanıyorum. Kuşadası'nın gece hayatı, sahil yürüyüşleri ve sakin mekanlarında birlikte vakit geçirmekten hoşlanırım. Sizin tercihlerinize göre programı birlikte şekillendirebiliriz."
Özge VIP,27,"Kuşadası, Camiatik",3400,0539 553 48 85,"Kredi Kartı, Nakit","partner, eve gelir",0,https://picsum.photos/id/1027/400/600,"Selam! Adım Özge. Camiatik mahallesinde buluşmalar düzenliyorum; sıcakkanlı, anlayışlı ve profesyonel bir yaklaşım benim için öncelik. 27 yaşındayım ve Kuşadası'nda aktif olarak hizmet veriyorum. Şehrin ritmine uyum sağlayan, esnek programım sayesinde günün her saatinde randevu alabilirsiniz. İlk görüşmede rahat hissetmeniz benim için çok önemli; bu yüzden iletişime her zaman açık ve netim. Uzun süredir bu alanda deneyimliyim ve müşteri memnuniyetini her şeyin üzerinde tutuyorum. Gizliliğe saygı, hijyen ve nezaket benim için vazgeçilmez üç temel ilkedir. Sunabildiğim özellikler: partner, eve gelir. Uygun ödeme seçenekleri ve esnek buluşma koşulları sunuyorum. Sorularınız için mesaj atmanız yeterli. Uzun süredir bu alanda deneyimliyim ve müşteri memnuniyetini her şeyin üzerinde tutuyorum. Gizliliğe saygı, hijyen ve nezaket benim için vazgeçilmez üç temel ilkedir."
Tuğçe VIP,22,"Kuşadası, Güvercinada",1000,0538 561 98 86,"Kredi Kartı, Nakit","türkçe bilir, masaj, partner",0,https://picsum.photos/id/1011/400/600,"Kuşadası'nın en güzel köşelerinden Güvercinada'da hizmet veren Tuğçe olarak sizleri ağırlamaktan mutluluk duyarım. 22 yaşındayım ve Kuşadası'nda aktif olarak hizmet veriyorum. Şehrin ritmine uyum sağlayan, esnek programım sayesinde günün her saatinde randevu alabilirsiniz. İlk görüşmede rahat hissetmeniz benim için çok önemli; bu yüzden iletişime her zaman açık ve netim. Uzun süredir bu alanda deneyimliyim ve müşteri memnuniyetini her şeyin üzerinde tutuyorum. Gizliliğe saygı, hijyen ve nezaket benim için vazgeçilmez üç temel ilkedir. Sunabildiğim özellikler: türkçe bilir, masaj, partner. Profilimi incelediğiniz için teşekkürler. Güvenilir, samimi ve profesyonel bir buluşma için doğru adrestesiniz. Kuşadası'nın gece hayatı, sahil yürüyüşleri ve sakin mekanlarında birlikte vakit geçirmekten hoşlanırım. Sizin tercihlerinize göre programı birlikte şekillendirebiliriz. Uzun süredir bu alanda deneyimliyim ve müşteri memnuniyetini her şeyin üzerinde tutuyorum. Gizliliğe saygı, hijyen ve nezaket benim için vazgeçilmez üç temel ilkedir."
Özge Plus,23,"Kuşadası, Camiatik",2400,0544 252 44 28,Nakit,"partner, türkçe bilir, 24 saat",0,https://picsum.photos/id/1005/400/600,"Selam! Adım Özge. Camiatik mahallesinde buluşmalar düzenliyorum; sıcakkanlı, anlayışlı ve profesyonel bir yaklaşım benim için öncelik. 23 yaşındayım ve Kuşadası'nda aktif olarak hizmet veriyorum. Randevu öncesi kısa bir telefon görüşmesiyle beklentilerinizi dinlemeyi tercih ediyorum. Böylece buluşmamız daha verimli ve keyifli geçiyor. Şehrin ritmine uyum sağlayan, esnek programım sayesinde günün her saatinde randevu alabilirsiniz. İlk görüşmede rahat hissetmeniz benim için çok önemli; bu yüzden iletişime her zaman açık ve netim. Sunabildiğim özellikler: partner, türkçe bilir, 24 saat. Her buluşmada özenli, saygılı ve pozitif bir atmosfer yaratmaya çalışıyorum. Görüşmek üzere! Seyahat eden misafirlerin yanı sıra yerel ziyaretçilere de hizmet veriyorum. İngilizce ve Türkçe iletişim kurabiliyorum; yabancı misafirler için de uygun bir profilim."
Nazlı Premium,28,"Kuşadası, Camiatik",4400,0539 548 20 86,Kredi Kartı,"24 saat, türkçe bilir, otel gelir, partner",0,https://picsum.photos/id/996/400/600,"Merhaba, ben Nazlı. Kuşadası'nın Camiatik bölgesinde sizlere özel, samimi ve güvenilir bir arkadaşlık deneyimi sunuyorum. 28 yaşındayım ve Kuşadası'nda aktif olarak hizmet veriyorum. Seyahat eden misafirlerin yanı sıra yerel ziyaretçilere de hizmet veriyorum. İngilizce ve Türkçe iletişim kurabiliyorum; yabancı misafirler için de uygun bir profilim. Kuşadası'nın gece hayatı, sahil yürüyüşleri ve sakin mekanlarında birlikte vakit geçirmekten hoşlanırım. Sizin tercihlerinize göre programı birlikte şekillendirebiliriz. Sunabildiğim özellikler: 24 saat, türkçe bilir, otel gelir, partner. Detaylı bilgi ve randevu için benimle iletişime geçebilirsiniz. Sizi tanımak ve güzel bir deneyim paylaşmak için sabırsızlanıyorum. Uzun süredir bu alanda deneyimliyim ve müşteri memnuniyetini her şeyin üzerinde tutuyorum. Gizliliğe saygı, hijyen ve nezaket benim için vazgeçilmez üç temel ilkedir."
Rana Premium,34,"Kuşadası, Merkez",2100,0543 546 91 72,Kredi Kartı,"yabancı uyruklu, türkçe bilir, masaj, otel gelir",0,https://picsum.photos/id/978/400/600,"Selam! Adım Rana. Merkez mahallesinde buluşmalar düzenliyorum; sıcakkanlı, anlayışlı ve profesyonel bir yaklaşım benim için öncelik. 34 yaşındayım ve Kuşadası'nda aktif olarak hizmet veriyorum. Randevu öncesi kısa bir telefon görüşmesiyle beklentilerinizi dinlemeyi tercih ediyorum. Böylece buluşmamız daha verimli ve keyifli geçiyor. Randevu öncesi kısa bir telefon görüşmesiyle beklentilerinizi dinlemeyi tercih ediyorum. Böylece buluşmamız daha verimli ve keyifli geçiyor. Sunabildiğim özellikler: yabancı uyruklu, türkçe bilir, masaj, otel gelir. Profilimi incelediğiniz için teşekkürler. Güvenilir, samimi ve profesyonel bir buluşma için doğru adrestesiniz. Randevu öncesi kısa bir telefon görüşmesiyle beklentilerinizi dinlemeyi tercih ediyorum. Böylece buluşmamız daha verimli ve keyifli geçiyor. Kuşadası'nın gece hayatı, sahil yürüyüşleri ve sakin mekanlarında birlikte vakit geçirmekten hoşlanırım. Sizin tercihlerinize göre programı birlikte şekillendirebiliriz."
Ceyda Plus,34,"Kuşadası, Yılancı Burnu",3000,0536 431 24 61,"Nakit, Kredi Kartı, Kripto","eve gelir, 24 saat",0,https://picsum.photos/id/962/400/600,"Kuşadası'nın en güzel köşelerinden Yılancı Burnu'da hizmet veren Ceyda olarak sizleri ağırlamaktan mutluluk duyarım. 34 yaşındayım ve Kuşadası'nda aktif olarak hizmet veriyorum. Randevu öncesi kısa bir telefon görüşmesiyle beklentilerinizi dinlemeyi tercih ediyorum. Böylece buluşmamız daha verimli ve keyifli geçiyor. Şehrin ritmine uyum sağlayan, esnek programım sayesinde günün her saatinde randevu alabilirsiniz. İlk görüşmede rahat hissetmeniz benim için çok önemli; bu yüzden iletişime her zaman açık ve netim. Sunabildiğim özellikler: eve gelir, 24 saat. Uygun ödeme seçenekleri ve esnek buluşma koşulları sunuyorum. Sorularınız için mesaj atmanız yeterli. Seyahat eden misafirlerin yanı sıra yerel ziyaretçilere de hizmet veriyorum. İngilizce ve Türkçe iletişim kurabiliyorum; yabancı misafirler için de uygun bir profilim. Kuşadası'nın gece hayatı, sahil yürüyüşleri ve sakin mekanlarında birlikte vakit geçirmekten hoşlanırım. Sizin tercihlerinize göre programı birlikte şekillendirebiliriz."
Funda VIP,29,"Kuşadası, Hacıfeyzullah",4100,0533 129 90 87,Kripto,"türkçe bilir, 24 saat, otel gelir",0,https://picsum.photos/id/950/400/600,"Merhaba, ben Funda. Kuşadası'nın Hacıfeyzullah bölgesinde sizlere özel, samimi ve güvenilir bir arkadaşlık deneyimi sunuyorum. 29 yaşındayım ve Kuşadası'nda aktif olarak hizmet veriyorum. Uzun süredir bu alanda deneyimliyim ve müşteri memnuniyetini her şeyin üzerinde tutuyorum. Gizliliğe saygı, hijyen ve nezaket benim için vazgeçilmez üç temel ilkedir. Şehrin ritmine uyum sağlayan, esnek programım sayesinde günün her saatinde randevu alabilirsiniz. İlk görüşmede rahat hissetmeniz benim için çok önemli; bu yüzden iletişime her zaman açık ve netim. Sunabildiğim özellikler: türkçe bilir, 24 saat, otel gelir. Her buluşmada özenli, saygılı ve pozitif bir atmosfer yaratmaya çalışıyorum. Görüşmek üzere! Şehrin ritmine uyum sağlayan, esnek programım sayesinde günün her saatinde randevu alabilirsiniz. İlk görüşmede rahat hissetmeniz benim için çok önemli; bu yüzden iletişime her zaman açık ve netim."
Yasemin VIP,24,"Kuşadası, Hacıfeyzullah",2800,0542 822 44 63,"Kredi Kartı, Nakit","24 saat, eve gelir, yabancı uyruklu, masaj, türkçe bilir",0,https://picsum.photos/id/921/400/600,"Ben Yasemin, Hacıfeyzullah çevresinde yaşayan, enerjisi yüksek ve pozitif biriyim. Birlikte geçireceğimiz zamanın unutulmaz olması için özen gösteriyorum. 24 yaşındayım ve Kuşadası'nda aktif olarak hizmet veriyorum. Şehrin ritmine uyum sağlayan, esnek programım sayesinde günün her saatinde randevu alabilirsiniz. İlk görüşmede rahat hissetmeniz benim için çok önemli; bu yüzden iletişime her zaman açık ve netim. Seyahat eden misafirlerin yanı sıra yerel ziyaretçilere de hizmet veriyorum. İngilizce ve Türkçe iletişim kurabiliyorum; yabancı misafirler için de uygun bir profilim. Sunabildiğim özellikler: 24 saat, eve gelir, yabancı uyruklu, masaj, türkçe bilir. Her buluşmada özenli, saygılı ve pozitif bir atmosfer yaratmaya çalışıyorum. Görüşmek üzere! Seyahat eden misafirlerin yanı sıra yerel ziyaretçilere de hizmet veriyorum. İngilizce ve Türkçe iletişim kurabiliyorum; yabancı misafirler için de uygun bir profilim."
Selin Plus,28,"Kuşadası, Kadınlar Denizi",2800,0545 405 85 84,"Kredi Kartı, Nakit, Kripto","türkçe bilir, partner, 24 saat, yabancı uyruklu, eve gelir",0,https://picsum.photos/id/897/400/600,"Ben Selin, Kadınlar Denizi çevresinde yaşayan, enerjisi yüksek ve pozitif biriyim. Birlikte geçireceğimiz zamanın unutulmaz olması için özen gösteriyorum. 28 yaşındayım ve Kuşadası'nda aktif olarak hizmet veriyorum. Uzun süredir bu alanda deneyimliyim ve müşteri memnuniyetini her şeyin üzerinde tutuyorum. Gizliliğe saygı, hijyen ve nezaket benim için vazgeçilmez üç temel ilkedir. Kuşadası'nın gece hayatı, sahil yürüyüşleri ve sakin mekanlarında birlikte vakit geçirmekten hoşlanırım. Sizin tercihlerinize göre programı birlikte şekillendirebiliriz. Sunabildiğim özellikler: türkçe bilir, partner, 24 saat, yabancı uyruklu, eve gelir. Her buluşmada özenli, saygılı ve pozitif bir atmosfer yaratmaya çalışıyorum. Görüşmek üzere! Uzun süredir bu alanda deneyimliyim ve müşteri memnuniyetini her şeyin üzerinde tutuyorum. Gizliliğe saygı, hijyen ve nezaket benim için vazgeçilmez üç temel ilkedir."
Özge Premium,21,"Kuşadası, Türkmen",4000,0545 930 58 59,"Kripto, Nakit, Kredi Kartı","eve gelir, 24 saat",0,https://picsum.photos/id/883/400/600,"Selam! Adım Özge. Türkmen mahallesinde buluşmalar düzenliyorum; sıcakkanlı, anlayışlı ve profesyonel bir yaklaşım benim için öncelik. 21 yaşındayım ve Kuşadası'nda aktif olarak hizmet veriyorum. Şehrin ritmine uyum sağlayan, esnek programım sayesinde günün her saatinde randevu alabilirsiniz. İlk görüşmede rahat hissetmeniz benim için çok önemli; bu yüzden iletişime her zaman açık ve netim. Randevu öncesi kısa bir telefon görüşmesiyle beklentilerinizi dinlemeyi tercih ediyorum. Böylece buluşmamız daha verimli ve keyifli geçiyor. Sunabildiğim özellikler: eve gelir, 24 saat. Detaylı bilgi ve randevu için benimle iletişime geçebilirsiniz. Sizi tanımak ve güzel bir deneyim paylaşmak için sabırsızlanıyorum. Kuşadası'nın gece hayatı, sahil yürüyüşleri ve sakin mekanlarında birlikte vakit geçirmekten hoşlanırım. Sizin tercihlerinize göre programı birlikte şekillendirebiliriz."
Pınar VIP,20,"Kuşadası, Yavansu",1900,0538 991 93 29,Kredi Kartı,"türkçe bilir, 24 saat, yabancı uyruklu, otel gelir",0,https://picsum.photos/id/862/400/600,"Kuşadası'nın en güzel köşelerinden Yavansu'da hizmet veren Pınar olarak sizleri ağırlamaktan mutluluk duyarım. 20 yaşındayım ve Kuşadası'nda aktif olarak hizmet veriyorum. Seyahat eden misafirlerin yanı sıra yerel ziyaretçilere de hizmet veriyorum. İngilizce ve Türkçe iletişim kurabiliyorum; yabancı misafirler için de uygun bir profilim. Randevu öncesi kısa bir telefon görüşmesiyle beklentilerinizi dinlemeyi tercih ediyorum. Böylece buluşmamız daha verimli ve keyifli geçiyor. Sunabildiğim özellikler: türkçe bilir, 24 saat, yabancı uyruklu, otel gelir. Detaylı bilgi ve randevu için benimle iletişime geçebilirsiniz. Sizi tanımak ve güzel bir deneyim paylaşmak için sabırsızlanıyorum. Kuşadası'nın gece hayatı, sahil yürüyüşleri ve sakin mekanlarında birlikte vakit geçirmekten hoşlanırım. Sizin tercihlerinize göre programı birlikte şekillendirebiliriz. Şehrin ritmine uyum sağlayan, esnek programım sayesinde günün her saatinde randevu alabilirsiniz. İlk görüşmede rahat hissetmeniz benim için çok önemli; bu yüzden iletişime her zaman açık ve netim."
Irmak VIP,29,"Kuşadası, Davutlar",1500,0538 200 91 22,"Nakit, Kredi Kartı","otel gelir, türkçe bilir",0,https://picsum.photos/id/839/400/600,"Selam! Adım Irmak. Davutlar mahallesinde buluşmalar düzenliyorum; sıcakkanlı, anlayışlı ve profesyonel bir yaklaşım benim için öncelik. 29 yaşındayım ve Kuşadası'nda aktif olarak hizmet veriyorum. Seyahat eden misafirlerin yanı sıra yerel ziyaretçilere de hizmet veriyorum. İngilizce ve Türkçe iletişim kurabiliyorum; yabancı misafirler için de uygun bir profilim. Seyahat eden misafirlerin yanı sıra yerel ziyaretçilere de hizmet veriyorum. İngilizce ve Türkçe iletişim kurabiliyorum; yabancı misafirler için de uygun bir profilim. Sunabildiğim özellikler: otel gelir, türkçe bilir. Her buluşmada özenli, saygılı ve pozitif bir atmosfer yaratmaya çalışıyorum. Görüşmek üzere! Uzun süredir bu alanda deneyimliyim ve müşteri memnuniyetini her şeyin üzerinde tutuyorum. Gizliliğe saygı, hijyen ve nezaket benim için vazgeçilmez üç temel ilkedir. Uzun süredir bu alanda deneyimliyim ve müşteri memnuniyetini her şeyin üzerinde tutuyorum. Gizliliğe saygı, hijyen ve nezaket benim için vazgeçilmez üç temel ilkedir."
Selin Premium,33,"Kuşadası, Karaova",2100,0534 279 20 88,"Kripto, Nakit","24 saat, eve gelir, masaj, yabancı uyruklu, türkçe bilir",0,https://picsum.photos/id/64/400/600,"Selam! Adım Selin. Karaova mahallesinde buluşmalar düzenliyorum; sıcakkanlı, anlayışlı ve profesyonel bir yaklaşım benim için öncelik. 33 yaşındayım ve Kuşadası'nda aktif olarak hizmet veriyorum. Şehrin ritmine uyum sağlayan, esnek programım sayesinde günün her saatinde randevu alabilirsiniz. İlk görüşmede rahat hissetmeniz benim için çok önemli; bu yüzden iletişime her zaman açık ve netim. Randevu öncesi kısa bir telefon görüşmesiyle beklentilerinizi dinlemeyi tercih ediyorum. Böylece buluşmamız daha verimli ve keyifli geçiyor. Sunabildiğim özellikler: 24 saat, eve gelir, masaj, yabancı uyruklu, türkçe bilir. Profilimi incelediğiniz için teşekkürler. Güvenilir, samimi ve profesyonel bir buluşma için doğru adrestesiniz. Kuşadası'nın gece hayatı, sahil yürüyüşleri ve sakin mekanlarında birlikte vakit geçirmekten hoşlanırım. Sizin tercihlerinize göre programı birlikte şekillendirebiliriz."
Gamze Plus,22,"Kuşadası, Hacıfeyzullah",3200,0543 406 91 64,"Kredi Kartı, Kripto, Nakit","yabancı uyruklu, partner, otel gelir",0,https://picsum.photos/id/65/400/600,"Selam! Adım Gamze. Hacıfeyzullah mahallesinde buluşmalar düzenliyorum; sıcakkanlı, anlayışlı ve profesyonel bir yaklaşım benim için öncelik. 22 yaşındayım ve Kuşadası'nda aktif olarak hizmet veriyorum. Kuşadası'nın gece hayatı, sahil yürüyüşleri ve sakin mekanlarında birlikte vakit geçirmekten hoşlanırım. Sizin tercihlerinize göre programı birlikte şekillendirebiliriz. Seyahat eden misafirlerin yanı sıra yerel ziyaretçilere de hizmet veriyorum. İngilizce ve Türkçe iletişim kurabiliyorum; yabancı misafirler için de uygun bir profilim. Sunabildiğim özellikler: yabancı uyruklu, partner, otel gelir. Profilimi incelediğiniz için teşekkürler. Güvenilir, samimi ve profesyonel bir buluşma için doğru adrestesiniz. Şehrin ritmine uyum sağlayan, esnek programım sayesinde günün her saatinde randevu alabilirsiniz. İlk görüşmede rahat hissetmeniz benim için çok önemli; bu yüzden iletişime her zaman açık ve netim."
Zeynep VIP,32,"Kuşadası, Merkez",1000,0543 985 97 16,"Kripto, Kredi Kartı, Nakit","24 saat, türkçe bilir, eve gelir",0,https://picsum.photos/id/177/400/600,"Selam! Adım Zeynep. Merkez mahallesinde buluşmalar düzenliyorum; sıcakkanlı, anlayışlı ve profesyonel bir yaklaşım benim için öncelik. 32 yaşındayım ve Kuşadası'nda aktif olarak hizmet veriyorum. Uzun süredir bu alanda deneyimliyim ve müşteri memnuniyetini her şeyin üzerinde tutuyorum. Gizliliğe saygı, hijyen ve nezaket benim için vazgeçilmez üç temel ilkedir. Şehrin ritmine uyum sağlayan, esnek programım sayesinde günün her saatinde randevu alabilirsiniz. İlk görüşmede rahat hissetmeniz benim için çok önemli; bu yüzden iletişime her zaman açık ve netim. Sunabildiğim özellikler: 24 saat, türkçe bilir, eve gelir. Detaylı bilgi ve randevu için benimle iletişime geçebilirsiniz. Sizi tanımak ve güzel bir deneyim paylaşmak için sabırsızlanıyorum. Seyahat eden misafirlerin yanı sıra yerel ziyaretçilere de hizmet veriyorum. İngilizce ve Türkçe iletişim kurabiliyorum; yabancı misafirler için de uygun bir profilim."
Pınar Plus,21,"Kuşadası, Karaova",3300,0545 234 21 47,"Kripto, Kredi Kartı","eve gelir, partner, 24 saat",0,https://picsum.photos/id/338/400/600,"Selam! Adım Pınar. Karaova mahallesinde buluşmalar düzenliyorum; sıcakkanlı, anlayışlı ve profesyonel bir yaklaşım benim için öncelik. 21 yaşındayım ve Kuşadası'nda aktif olarak hizmet veriyorum. Kuşadası'nın gece hayatı, sahil yürüyüşleri ve sakin mekanlarında birlikte vakit geçirmekten hoşlanırım. Sizin tercihlerinize göre programı birlikte şekillendirebiliriz. Kuşadası'nın gece hayatı, sahil yürüyüşleri ve sakin mekanlarında birlikte vakit geçirmekten hoşlanırım. Sizin tercihlerinize göre programı birlikte şekillendirebiliriz. Sunabildiğim özellikler: eve gelir, partner, 24 saat. Profilimi incelediğiniz için teşekkürler. Güvenilir, samimi ve profesyonel bir buluşma için doğru adrestesiniz. Uzun süredir bu alanda deneyimliyim ve müşteri memnuniyetini her şeyin üzerinde tutuyorum. Gizliliğe saygı, hijyen ve nezaket benim için vazgeçilmez üç temel ilkedir. Seyahat eden misafirlerin yanı sıra yerel ziyaretçilere de hizmet veriyorum. İngilizce ve Türkçe iletişim kurabiliyorum; yabancı misafirler için de uygun bir profilim."
Rana Elite,29,"Kuşadası, Yavansu",3100,0533 579 19 28,Kripto,"partner, 24 saat, türkçe bilir, otel gelir, eve gelir",1,https://picsum.photos/id/399/400/600,"Merhaba, ben Rana. Kuşadası'nın Yavansu bölgesinde sizlere özel, samimi ve güvenilir bir arkadaşlık deneyimi sunuyorum. 29 yaşındayım ve Kuşadası'nda aktif olarak hizmet veriyorum. Randevu öncesi kısa bir telefon görüşmesiyle beklentilerinizi dinlemeyi tercih ediyorum. Böylece buluşmamız daha verimli ve keyifli geçiyor. Seyahat eden misafirlerin yanı sıra yerel ziyaretçilere de hizmet veriyorum. İngilizce ve Türkçe iletişim kurabiliyorum; yabancı misafirler için de uygun bir profilim. Sunabildiğim özellikler: partner, 24 saat, türkçe bilir, otel gelir, eve gelir. Profilimi incelediğiniz için teşekkürler. Güvenilir, samimi ve profesyonel bir buluşma için doğru adrestesiniz. Kuşadası'nın gece hayatı, sahil yürüyüşleri ve sakin mekanlarında birlikte vakit geçirmekten hoşlanırım. Sizin tercihlerinize göre programı birlikte şekillendirebiliriz. Randevu öncesi kısa bir telefon görüşmesiyle beklentilerinizi dinlemeyi tercih ediyorum. Böylece buluşmamız daha verimli ve keyifli geçiyor."
Yasemin Plus,31,"Kuşadası, Yılancı Burnu",2400,0539 125 89 81,"Kripto, Nakit","masaj, yabancı uyruklu",0,https://picsum.photos/id/447/400/600,"Selam! Adım Yasemin. Yılancı Burnu mahallesinde buluşmalar düzenliyorum; sıcakkanlı, anlayışlı ve profesyonel bir yaklaşım benim için öncelik. 31 yaşındayım ve Kuşadası'nda aktif olarak hizmet veriyorum. Randevu öncesi kısa bir telefon görüşmesiyle beklentilerinizi dinlemeyi tercih ediyorum. Böylece buluşmamız daha verimli ve keyifli geçiyor. Şehrin ritmine uyum sağlayan, esnek programım sayesinde günün her saatinde randevu alabilirsiniz. İlk görüşmede rahat hissetmeniz benim için çok önemli; bu yüzden iletişime her zaman açık ve netim. Sunabildiğim özellikler: masaj, yabancı uyruklu. Uygun ödeme seçenekleri ve esnek buluşma koşulları sunuyorum. Sorularınız için mesaj atmanız yeterli. Şehrin ritmine uyum sağlayan, esnek programım sayesinde günün her saatinde randevu alabilirsiniz. İlk görüşmede rahat hissetmeniz benim için çok önemli; bu yüzden iletişime her zaman açık ve netim."
Ceyda Premium,29,"Kuşadası, Hacıfeyzullah",1700,0533 340 78 27,"Kredi Kartı, Kripto","24 saat, masaj, eve gelir, yabancı uyruklu, türkçe bilir",1,https://picsum.photos/id/548/400/600,"Kuşadası'nın en güzel köşelerinden Hacıfeyzullah'da hizmet veren Ceyda olarak sizleri ağırlamaktan mutluluk duyarım. 29 yaşındayım ve Kuşadası'nda aktif olarak hizmet veriyorum. Kuşadası'nın gece hayatı, sahil yürüyüşleri ve sakin mekanlarında birlikte vakit geçirmekten hoşlanırım. Sizin tercihlerinize göre programı birlikte şekillendirebiliriz. Randevu öncesi kısa bir telefon görüşmesiyle beklentilerinizi dinlemeyi tercih ediyorum. Böylece buluşmamız daha verimli ve keyifli geçiyor. Sunabildiğim özellikler: 24 saat, masaj, eve gelir, yabancı uyruklu, türkçe bilir. Profilimi incelediğiniz için teşekkürler. Güvenilir, samimi ve profesyonel bir buluşma için doğru adrestesiniz. Şehrin ritmine uyum sağlayan, esnek programım sayesinde günün her saatinde randevu alabilirsiniz. İlk görüşmede rahat hissetmeniz benim için çok önemli; bu yüzden iletişime her zaman açık ve netim. Seyahat eden misafirlerin yanı sıra yerel ziyaretçilere de hizmet veriyorum. İngilizce ve Türkçe iletişim kurabiliyorum; yabancı misafirler için de uygun bir profilim."
Hale VIP,34,"Kuşadası, Hacıfeyzullah",2500,0537 201 97 57,"Kripto, Kredi Kartı, Nakit","türkçe bilir, eve gelir, otel gelir, yabancı uyruklu, 24 saat",0,https://picsum.photos/id/550/400/600,"Merhaba, ben Hale. Kuşadası'nın Hacıfeyzullah bölgesinde sizlere özel, samimi ve güvenilir bir arkadaşlık deneyimi sunuyorum. 34 yaşındayım ve Kuşadası'nda aktif olarak hizmet veriyorum. Şehrin ritmine uyum sağlayan, esnek programım sayesinde günün her saatinde randevu alabilirsiniz. İlk görüşmede rahat hissetmeniz benim için çok önemli; bu yüzden iletişime her zaman açık ve netim. Seyahat eden misafirlerin yanı sıra yerel ziyaretçilere de hizmet veriyorum. İngilizce ve Türkçe iletişim kurabiliyorum; yabancı misafirler için de uygun bir profilim. Sunabildiğim özellikler: türkçe bilir, eve gelir, otel gelir, yabancı uyruklu, 24 saat. Uygun ödeme seçenekleri ve esnek buluşma koşulları sunuyorum. Sorularınız için mesaj atmanız yeterli. Uzun süredir bu alanda deneyimliyim ve müşteri memnuniyetini her şeyin üzerinde tutuyorum. Gizliliğe saygı, hijyen ve nezaket benim için vazgeçilmez üç temel ilkedir."
Umay Premium,26,"Kuşadası, Yılancı Burnu",4500,0535 700 37 39,"Nakit, Kripto","partner, eve gelir, masaj, türkçe bilir",0,https://picsum.photos/id/582/400/600,"Merhaba, ben Umay. Kuşadası'nın Yılancı Burnu bölgesinde sizlere özel, samimi ve güvenilir bir arkadaşlık deneyimi sunuyorum. 26 yaşındayım ve Kuşadası'nda aktif olarak hizmet veriyorum. Şehrin ritmine uyum sağlayan, esnek programım sayesinde günün her saatinde randevu alabilirsiniz. İlk görüşmede rahat hissetmeniz benim için çok önemli; bu yüzden iletişime her zaman açık ve netim. Uzun süredir bu alanda deneyimliyim ve müşteri memnuniyetini her şeyin üzerinde tutuyorum. Gizliliğe saygı, hijyen ve nezaket benim için vazgeçilmez üç temel ilkedir. Sunabildiğim özellikler: partner, eve gelir, masaj, türkçe bilir. Detaylı bilgi ve randevu için benimle iletişime geçebilirsiniz. Sizi tanımak ve güzel bir deneyim paylaşmak için sabırsızlanıyorum. Seyahat eden misafirlerin yanı sıra yerel ziyaretçilere de hizmet veriyorum. İngilizce ve Türkçe iletişim kurabiliyorum; yabancı misafirler için de uygun bir profilim."
Irmak Plus,30,"Kuşadası, Kadınlar Denizi",2100,0536 153 26 63,"Nakit, Kripto, Kredi Kartı","partner, türkçe bilir, 24 saat, otel gelir, eve gelir",0,https://picsum.photos/id/633/400/600,"Merhaba, ben Irmak. Kuşadası'nın Kadınlar Denizi bölgesinde sizlere özel, samimi ve güvenilir bir arkadaşlık deneyimi sunuyorum. 30 yaşındayım ve Kuşadası'nda aktif olarak hizmet veriyorum. Kuşadası'nın gece hayatı, sahil yürüyüşleri ve sakin mekanlarında birlikte vakit geçirmekten hoşlanırım. Sizin tercihlerinize göre programı birlikte şekillendirebiliriz. Seyahat eden misafirlerin yanı sıra yerel ziyaretçilere de hizmet veriyorum. İngilizce ve Türkçe iletişim kurabiliyorum; yabancı misafirler için de uygun bir profilim. Sunabildiğim özellikler: partner, türkçe bilir, 24 saat, otel gelir, eve gelir. Her buluşmada özenli, saygılı ve pozitif bir atmosfer yaratmaya çalışıyorum. Görüşmek üzere! Şehrin ritmine uyum sağlayan, esnek programım sayesinde günün her saatinde randevu alabilirsiniz. İlk görüşmede rahat hissetmeniz benim için çok önemli; bu yüzden iletişime her zaman açık ve netim."
Ceyda Elite,35,"Kuşadası, Cumhuriyet",3700,0544 210 72 66,Nakit,"24 saat, eve gelir, otel gelir, masaj",0,https://picsum.photos/id/659/400/600,"Selam! Adım Ceyda. Cumhuriyet mahallesinde buluşmalar düzenliyorum; sıcakkanlı, anlayışlı ve profesyonel bir yaklaşım benim için öncelik. 35 yaşındayım ve Kuşadası'nda aktif olarak hizmet veriyorum. Randevu öncesi kısa bir telefon görüşmesiyle beklentilerinizi dinlemeyi tercih ediyorum. Böylece buluşmamız daha verimli ve keyifli geçiyor. Kuşadası'nın gece hayatı, sahil yürüyüşleri ve sakin mekanlarında birlikte vakit geçirmekten hoşlanırım. Sizin tercihlerinize göre programı birlikte şekillendirebiliriz. Sunabildiğim özellikler: 24 saat, eve gelir, otel gelir, masaj. Profilimi incelediğiniz için teşekkürler. Güvenilir, samimi ve profesyonel bir buluşma için doğru adrestesiniz. Randevu öncesi kısa bir telefon görüşmesiyle beklentilerinizi dinlemeyi tercih ediyorum. Böylece buluşmamız daha verimli ve keyifli geçiyor. Kuşadası'nın gece hayatı, sahil yürüyüşleri ve sakin mekanlarında birlikte vakit geçirmekten hoşlanırım. Sizin tercihlerinize göre programı birlikte şekillendirebiliriz."
Vildan,33,"Kuşadası, Yılancı Burnu",1700,0544 766 80 37,"Kredi Kartı, Nakit","türkçe bilir, yabancı uyruklu, masaj, 24 saat, partner",1,https://picsum.photos/id/672/400/600,"Kuşadası'nın en güzel köşelerinden Yılancı Burnu'da hizmet veren Vildan olarak sizleri ağırlamaktan mutluluk duyarım. 33 yaşındayım ve Kuşadası'nda aktif olarak hizmet veriyorum. Seyahat eden misafirlerin yanı sıra yerel ziyaretçilere de hizmet veriyorum. İngilizce ve Türkçe iletişim kurabiliyorum; yabancı misafirler için de uygun bir profilim. Seyahat eden misafirlerin yanı sıra yerel ziyaretçilere de hizmet veriyorum. İngilizce ve Türkçe iletişim kurabiliyorum; yabancı misafirler için de uygun bir profilim. Sunabildiğim özellikler: türkçe bilir, yabancı uyruklu, masaj, 24 saat, partner. Profilimi incelediğiniz için teşekkürler. Güvenilir, samimi ve profesyonel bir buluşma için doğru adrestesiniz. Uzun süredir bu alanda deneyimliyim ve müşteri memnuniyetini her şeyin üzerinde tutuyorum. Gizliliğe saygı, hijyen ve nezaket benim için vazgeçilmez üç temel ilkedir."
Zeynep Plus,35,"Kuşadası, Yılancı Burnu",1500,0533 195 65 22,"Kripto, Kredi Kartı, Nakit","24 saat, partner",0,https://picsum.photos/id/836/400/600,"Merhaba, ben Zeynep. Kuşadası'nın Yılancı Burnu bölgesinde sizlere özel, samimi ve güvenilir bir arkadaşlık deneyimi sunuyorum. 35 yaşındayım ve Kuşadası'nda aktif olarak hizmet veriyorum. Randevu öncesi kısa bir telefon görüşmesiyle beklentilerinizi dinlemeyi tercih ediyorum. Böylece buluşmamız daha verimli ve keyifli geçiyor. Seyahat eden misafirlerin yanı sıra yerel ziyaretçilere de hizmet veriyorum. İngilizce ve Türkçe iletişim kurabiliyorum; yabancı misafirler için de uygun bir profilim. Sunabildiğim özellikler: 24 saat, partner. Her buluşmada özenli, saygılı ve pozitif bir atmosfer yaratmaya çalışıyorum. Görüşmek üzere! Şehrin ritmine uyum sağlayan, esnek programım sayesinde günün her saatinde randevu alabilirsiniz. İlk görüşmede rahat hissetmeniz benim için çok önemli; bu yüzden iletişime her zaman açık ve netim. Seyahat eden misafirlerin yanı sıra yerel ziyaretçilere de hizmet veriyorum. İngilizce ve Türkçe iletişim kurabiliyorum; yabancı misafirler için de uygun bir profilim."
Vildan VIP,29,"Kuşadası, Türkmen",1600,0543 619 37 29,"Kredi Kartı, Nakit, Kripto","partner, 24 saat, türkçe bilir, otel gelir",0,https://picsum.photos/id/1027/400/600,"Ben Vildan, Türkmen çevresinde yaşayan, enerjisi yüksek ve pozitif biriyim. Birlikte geçireceğimiz zamanın unutulmaz olması için özen gösteriyorum. 29 yaşındayım ve Kuşadası'nda aktif olarak hizmet veriyorum. Randevu öncesi kısa bir telefon görüşmesiyle beklentilerinizi dinlemeyi tercih ediyorum. Böylece buluşmamız daha verimli ve keyifli geçiyor. Kuşadası'nın gece hayatı, sahil yürüyüşleri ve sakin mekanlarında birlikte vakit geçirmekten hoşlanırım. Sizin tercihlerinize göre programı birlikte şekillendirebiliriz. Sunabildiğim özellikler: partner, 24 saat, türkçe bilir, otel gelir. Detaylı bilgi ve randevu için benimle iletişime geçebilirsiniz. Sizi tanımak ve güzel bir deneyim paylaşmak için sabırsızlanıyorum. Kuşadası'nın gece hayatı, sahil yürüyüşleri ve sakin mekanlarında birlikte vakit geçirmekten hoşlanırım. Sizin tercihlerinize göre programı birlikte şekillendirebiliriz. Seyahat eden misafirlerin yanı sıra yerel ziyaretçilere de hizmet veriyorum. İngilizce ve Türkçe iletişim kurabiliyorum; yabancı misafirler için de uygun bir profilim."
Aylin Premium,25,"Kuşadası, Merkez",2900,0537 459 10 33,Kripto,"otel gelir, eve gelir, partner, 24 saat, türkçe bilir",0,https://picsum.photos/id/1011/400/600,"Kuşadası'nın en güzel köşelerinden Merkez'da hizmet veren Aylin olarak sizleri ağırlamaktan mutluluk duyarım. 25 yaşındayım ve Kuşadası'nda aktif olarak hizmet veriyorum. Randevu öncesi kısa bir telefon görüşmesiyle beklentilerinizi dinlemeyi tercih ediyorum. Böylece buluşmamız daha verimli ve keyifli geçiyor. Randevu öncesi kısa bir telefon görüşmesiyle beklentilerinizi dinlemeyi tercih ediyorum. Böylece buluşmamız daha verimli ve keyifli geçiyor. Sunabildiğim özellikler: otel gelir, eve gelir, partner, 24 saat, türkçe bilir. Profilimi incelediğiniz için teşekkürler. Güvenilir, samimi ve profesyonel bir buluşma için doğru adrestesiniz. Uzun süredir bu alanda deneyimliyim ve müşteri memnuniyetini her şeyin üzerinde tutuyorum. Gizliliğe saygı, hijyen ve nezaket benim için vazgeçilmez üç temel ilkedir. Seyahat eden misafirlerin yanı sıra yerel ziyaretçilere de hizmet veriyorum. İngilizce ve Türkçe iletişim kurabiliyorum; yabancı misafirler için de uygun bir profilim."
Kader Plus,30,"Kuşadası, Karaova",4800,0533 153 29 30,"Nakit, Kripto, Kredi Kartı","masaj, yabancı uyruklu, partner, 24 saat, eve gelir",0,https://picsum.photos/id/1005/400/600,"Merhaba, ben Kader. Kuşadası'nın Karaova bölgesinde sizlere özel, samimi ve güvenilir bir arkadaşlık deneyimi sunuyorum. 30 yaşındayım ve Kuşadası'nda aktif olarak hizmet veriyorum. Seyahat eden misafirlerin yanı sıra yerel ziyaretçilere de hizmet veriyorum. İngilizce ve Türkçe iletişim kurabiliyorum; yabancı misafirler için de uygun bir profilim. Randevu öncesi kısa bir telefon görüşmesiyle beklentilerinizi dinlemeyi tercih ediyorum. Böylece buluşmamız daha verimli ve keyifli geçiyor. Sunabildiğim özellikler: masaj, yabancı uyruklu, partner, 24 saat, eve gelir. Detaylı bilgi ve randevu için benimle iletişime geçebilirsiniz. Sizi tanımak ve güzel bir deneyim paylaşmak için sabırsızlanıyorum. Seyahat eden misafirlerin yanı sıra yerel ziyaretçilere de hizmet veriyorum. İngilizce ve Türkçe iletişim kurabiliyorum; yabancı misafirler için de uygun bir profilim."
Zeynep Premium,35,"Kuşadası, Camiatik",2900,0532 325 60 86,Nakit,"türkçe bilir, eve gelir, masaj",0,https://picsum.photos/id/996/400/600,"Selam! Adım Zeynep. Camiatik mahallesinde buluşmalar düzenliyorum; sıcakkanlı, anlayışlı ve profesyonel bir yaklaşım benim için öncelik. 35 yaşındayım ve Kuşadası'nda aktif olarak hizmet veriyorum. Seyahat eden misafirlerin yanı sıra yerel ziyaretçilere de hizmet veriyorum. İngilizce ve Türkçe iletişim kurabiliyorum; yabancı misafirler için de uygun bir profilim. Şehrin ritmine uyum sağlayan, esnek programım sayesinde günün her saatinde randevu alabilirsiniz. İlk görüşmede rahat hissetmeniz benim için çok önemli; bu yüzden iletişime her zaman açık ve netim. Sunabildiğim özellikler: türkçe bilir, eve gelir, masaj. Detaylı bilgi ve randevu için benimle iletişime geçebilirsiniz. Sizi tanımak ve güzel bir deneyim paylaşmak için sabırsızlanıyorum. Randevu öncesi kısa bir telefon görüşmesiyle beklentilerinizi dinlemeyi tercih ediyorum. Böylece buluşmamız daha verimli ve keyifli geçiyor."
Özge Elite,25,"Kuşadası, Güvercinada",3400,0542 820 39 74,"Kripto, Kredi Kartı, Nakit","partner, masaj, otel gelir, yabancı uyruklu, 24 saat",0,https://picsum.photos/id/978/400/600,"Merhaba, ben Özge. Kuşadası'nın Güvercinada bölgesinde sizlere özel, samimi ve güvenilir bir arkadaşlık deneyimi sunuyorum. 25 yaşındayım ve Kuşadası'nda aktif olarak hizmet veriyorum. Seyahat eden misafirlerin yanı sıra yerel ziyaretçilere de hizmet veriyorum. İngilizce ve Türkçe iletişim kurabiliyorum; yabancı misafirler için de uygun bir profilim. Kuşadası'nın gece hayatı, sahil yürüyüşleri ve sakin mekanlarında birlikte vakit geçirmekten hoşlanırım. Sizin tercihlerinize göre programı birlikte şekillendirebiliriz. Sunabildiğim özellikler: partner, masaj, otel gelir, yabancı uyruklu, 24 saat. Her buluşmada özenli, saygılı ve pozitif bir atmosfer yaratmaya çalışıyorum. Görüşmek üzere! Kuşadası'nın gece hayatı, sahil yürüyüşleri ve sakin mekanlarında birlikte vakit geçirmekten hoşlanırım. Sizin tercihlerinize göre programı birlikte şekillendirebiliriz. Randevu öncesi kısa bir telefon görüşmesiyle beklentilerinizi dinlemeyi tercih ediyorum. Böylece buluşmamız daha verimli ve keyifli geçiyor."
Yasemin Premium,33,"Kuşadası, Merkez",1700,0538 121 51 31,"Kredi Kartı, Kripto, Nakit","partner, otel gelir, eve gelir, yabancı uyruklu, türkçe bilir",0,https://picsum.photos/id/962/400/600,"Merhaba, ben Yasemin. Kuşadası'nın Merkez bölgesinde sizlere özel, samimi ve güvenilir bir arkadaşlık deneyimi sunuyorum. 33 yaşındayım ve Kuşadası'nda aktif olarak hizmet veriyorum. Randevu öncesi kısa bir telefon görüşmesiyle beklentilerinizi dinlemeyi tercih ediyorum. Böylece buluşmamız daha verimli ve keyifli geçiyor. Seyahat eden misafirlerin yanı sıra yerel ziyaretçilere de hizmet veriyorum. İngilizce ve Türkçe iletişim kurabiliyorum; yabancı misafirler için de uygun bir profilim. Sunabildiğim özellikler: partner, otel gelir, eve gelir, yabancı uyruklu, türkçe bilir. Profilimi incelediğiniz için teşekkürler. Güvenilir, samimi ve profesyonel bir buluşma için doğru adrestesiniz. Uzun süredir bu alanda deneyimliyim ve müşteri memnuniyetini her şeyin üzerinde tutuyorum. Gizliliğe saygı, hijyen ve nezaket benim için vazgeçilmez üç temel ilkedir. Seyahat eden misafirlerin yanı sıra yerel ziyaretçilere de hizmet veriyorum. İngilizce ve Türkçe iletişim kurabiliyorum; yabancı misafirler için de uygun bir profilim."
Gamze Premium,22,"Kuşadası, Camiatik",5000,0533 643 75 34,"Kredi Kartı, Nakit","otel gelir, eve gelir, türkçe bilir",1,https://picsum.photos/id/950/400/600,"Ben Gamze, Camiatik çevresinde yaşayan, enerjisi yüksek ve pozitif biriyim. Birlikte geçireceğimiz zamanın unutulmaz olması için özen gösteriyorum. 22 yaşındayım ve Kuşadası'nda aktif olarak hizmet veriyorum. Şehrin ritmine uyum sağlayan, esnek programım sayesinde günün her saatinde randevu alabilirsiniz. İlk görüşmede rahat hissetmeniz benim için çok önemli; bu yüzden iletişime her zaman açık ve netim. Uzun süredir bu alanda deneyimliyim ve müşteri memnuniyetini her şeyin üzerinde tutuyorum. Gizliliğe saygı, hijyen ve nezaket benim için vazgeçilmez üç temel ilkedir. Sunabildiğim özellikler: otel gelir, eve gelir, türkçe bilir. Her buluşmada özenli, saygılı ve pozitif bir atmosfer yaratmaya çalışıyorum. Görüşmek üzere! Randevu öncesi kısa bir telefon görüşmesiyle beklentilerinizi dinlemeyi tercih ediyorum. Böylece buluşmamız daha verimli ve keyifli geçiyor."
Umay Elite,34,"Kuşadası, Güzelçamlı",4600,0544 750 89 51,"Kredi Kartı, Nakit, Kripto","yabancı uyruklu, partner",0,https://picsum.photos/id/921/400/600,"Selam! Adım Umay. Güzelçamlı mahallesinde buluşmalar düzenliyorum; sıcakkanlı, anlayışlı ve profesyonel bir yaklaşım benim için öncelik. 34 yaşındayım ve Kuşadası'nda aktif olarak hizmet veriyorum. Kuşadası'nın gece hayatı, sahil yürüyüşleri ve sakin mekanlarında birlikte vakit geçirmekten hoşlanırım. Sizin tercihlerinize göre programı birlikte şekillendirebiliriz. Şehrin ritmine uyum sağlayan, esnek programım sayesinde günün her saatinde randevu alabilirsiniz. İlk görüşmede rahat hissetmeniz benim için çok önemli; bu yüzden iletişime her zaman açık ve netim. Sunabildiğim özellikler: yabancı uyruklu, partner. Profilimi incelediğiniz için teşekkürler. Güvenilir, samimi ve profesyonel bir buluşma için doğru adrestesiniz. Kuşadası'nın gece hayatı, sahil yürüyüşleri ve sakin mekanlarında birlikte vakit geçirmekten hoşlanırım. Sizin tercihlerinize göre programı birlikte şekillendirebiliriz. Şehrin ritmine uyum sağlayan, esnek programım sayesinde günün her saatinde randevu alabilirsiniz. İlk görüşmede rahat hissetmeniz benim için çok önemli; bu yüzden iletişime her zaman açık ve netim."
Kader Premium,34,"Kuşadası, Hacıfeyzullah",1200,0532 477 46 19,"Nakit, Kredi Kartı, Kripto","yabancı uyruklu, 24 saat",0,https://picsum.photos/id/897/400/600,"Selam! Adım Kader. Hacıfeyzullah mahallesinde buluşmalar düzenliyorum; sıcakkanlı, anlayışlı ve profesyonel bir yaklaşım benim için öncelik. 34 yaşındayım ve Kuşadası'nda aktif olarak hizmet veriyorum. Kuşadası'nın gece hayatı, sahil yürüyüşleri ve sakin mekanlarında birlikte vakit geçirmekten hoşlanırım. Sizin tercihlerinize göre programı birlikte şekillendirebiliriz. Randevu öncesi kısa bir telefon görüşmesiyle beklentilerinizi dinlemeyi tercih ediyorum. Böylece buluşmamız daha verimli ve keyifli geçiyor. Sunabildiğim özellikler: yabancı uyruklu, 24 saat. Uygun ödeme seçenekleri ve esnek buluşma koşulları sunuyorum. Sorularınız için mesaj atmanız yeterli. Şehrin ritmine uyum sağlayan, esnek programım sayesinde günün her saatinde randevu alabilirsiniz. İlk görüşmede rahat hissetmeniz benim için çok önemli; bu yüzden iletişime her zaman açık ve netim. Randevu öncesi kısa bir telefon görüşmesiyle beklentilerinizi dinlemeyi tercih ediyorum. Böylece buluşmamız daha verimli ve keyifli geçiyor."
Elif Plus,30,"Kuşadası, Yavansu",1500,0542 761 32 15,Kripto,"yabancı uyruklu, 24 saat, masaj, eve gelir, partner",0,https://picsum.photos/id/883/400/600,"Selam! Adım Elif. Yavansu mahallesinde buluşmalar düzenliyorum; sıcakkanlı, anlayışlı ve profesyonel bir yaklaşım benim için öncelik. 30 yaşındayım ve Kuşadası'nda aktif olarak hizmet veriyorum. Randevu öncesi kısa bir telefon görüşmesiyle beklentilerinizi dinlemeyi tercih ediyorum. Böylece buluşmamız daha verimli ve keyifli geçiyor. Randevu öncesi kısa bir telefon görüşmesiyle beklentilerinizi dinlemeyi tercih ediyorum. Böylece buluşmamız daha verimli ve keyifli geçiyor. Sunabildiğim özellikler: yabancı uyruklu, 24 saat, masaj, eve gelir, partner. Profilimi incelediğiniz için teşekkürler. Güvenilir, samimi ve profesyonel bir buluşma için doğru adrestesiniz. Kuşadası'nın gece hayatı, sahil yürüyüşleri ve sakin mekanlarında birlikte vakit geçirmekten hoşlanırım. Sizin tercihlerinize göre programı birlikte şekillendirebiliriz. Şehrin ritmine uyum sağlayan, esnek programım sayesinde günün her saatinde randevu alabilirsiniz. İlk görüşmede rahat hissetmeniz benim için çok önemli; bu yüzden iletişime her zaman açık ve netim."
Yasemin Elite,30,"Kuşadası, Yılancı Burnu",3100,0533 671 96 59,"Kredi Kartı, Nakit","otel gelir, 24 saat, eve gelir, türkçe bilir",0,https://picsum.photos/id/862/400/600,"Kuşadası'nın en güzel köşelerinden Yılancı Burnu'da hizmet veren Yasemin olarak sizleri ağırlamaktan mutluluk duyarım. 30 yaşındayım ve Kuşadası'nda aktif olarak hizmet veriyorum. Uzun süredir bu alanda deneyimliyim ve müşteri memnuniyetini her şeyin üzerinde tutuyorum. Gizliliğe saygı, hijyen ve nezaket benim için vazgeçilmez üç temel ilkedir. Kuşadası'nın gece hayatı, sahil yürüyüşleri ve sakin mekanlarında birlikte vakit geçirmekten hoşlanırım. Sizin tercihlerinize göre programı birlikte şekillendirebiliriz. Sunabildiğim özellikler: otel gelir, 24 saat, eve gelir, türkçe bilir. Detaylı bilgi ve randevu için benimle iletişime geçebilirsiniz. Sizi tanımak ve güzel bir deneyim paylaşmak için sabırsızlanıyorum. Seyahat eden misafirlerin yanı sıra yerel ziyaretçilere de hizmet veriyorum. İngilizce ve Türkçe iletişim kurabiliyorum; yabancı misafirler için de uygun bir profilim."
Tuğçe Plus,32,"Kuşadası, Güzelçamlı",3100,0534 786 99 97,"Nakit, Kredi Kartı, Kripto","türkçe bilir, partner",1,https://picsum.photos/id/839/400/600,"Ben Tuğçe, Güzelçamlı çevresinde yaşayan, enerjisi yüksek ve pozitif biriyim. Birlikte geçireceğimiz zamanın unutulmaz olması için özen gösteriyorum. 32 yaşındayım ve Kuşadası'nda aktif olarak hizmet veriyorum. Seyahat eden misafirlerin yanı sıra yerel ziyaretçilere de hizmet veriyorum. İngilizce ve Türkçe iletişim kurabiliyorum; yabancı misafirler için de uygun bir profilim. Randevu öncesi kısa bir telefon görüşmesiyle beklentilerinizi dinlemeyi tercih ediyorum. Böylece buluşmamız daha verimli ve keyifli geçiyor. Sunabildiğim özellikler: türkçe bilir, partner. Uygun ödeme seçenekleri ve esnek buluşma koşulları sunuyorum. Sorularınız için mesaj atmanız yeterli. Uzun süredir bu alanda deneyimliyim ve müşteri memnuniyetini her şeyin üzerinde tutuyorum. Gizliliğe saygı, hijyen ve nezaket benim için vazgeçilmez üç temel ilkedir. Uzun süredir bu alanda deneyimliyim ve müşteri memnuniyetini her şeyin üzerinde tutuyorum. Gizliliğe saygı, hijyen ve nezaket benim için vazgeçilmez üç temel ilkedir."
Funda Plus,22,"Kuşadası, Merkez",1600,0542 889 79 77,Kripto,"partner, 24 saat, eve gelir, yabancı uyruklu",1,https://picsum.photos/id/64/400/600,"Ben Funda, Merkez çevresinde yaşayan, enerjisi yüksek ve pozitif biriyim. Birlikte geçireceğimiz zamanın unutulmaz olması için özen gösteriyorum. 22 yaşındayım ve Kuşadası'nda aktif olarak hizmet veriyorum. Kuşadası'nın gece hayatı, sahil yürüyüşleri ve sakin mekanlarında birlikte vakit geçirmekten hoşlanırım. Sizin tercihlerinize göre programı birlikte şekillendirebiliriz. Uzun süredir bu alanda deneyimliyim ve müşteri memnuniyetini her şeyin üzerinde tutuyorum. Gizliliğe saygı, hijyen ve nezaket benim için vazgeçilmez üç temel ilkedir. Sunabildiğim özellikler: partner, 24 saat, eve gelir, yabancı uyruklu. Her buluşmada özenli, saygılı ve pozitif bir atmosfer yaratmaya çalışıyorum. Görüşmek üzere! Şehrin ritmine uyum sağlayan, esnek programım sayesinde günün her saatinde randevu alabilirsiniz. İlk görüşmede rahat hissetmeniz benim için çok önemli; bu yüzden iletişime her zaman açık ve netim."
Özge 2,31,"Kuşadası, Güzelçamlı",2500,0539 725 46 67,Kripto,"türkçe bilir, yabancı uyruklu, eve gelir",0,https://picsum.photos/id/65/400/600,"Kuşadası'nın en güzel köşelerinden Güzelçamlı'da hizmet veren Özge olarak sizleri ağırlamaktan mutluluk duyarım. 31 yaşındayım ve Kuşadası'nda aktif olarak hizmet veriyorum. Randevu öncesi kısa bir telefon görüşmesiyle beklentilerinizi dinlemeyi tercih ediyorum. Böylece buluşmamız daha verimli ve keyifli geçiyor. Seyahat eden misafirlerin yanı sıra yerel ziyaretçilere de hizmet veriyorum. İngilizce ve Türkçe iletişim kurabiliyorum; yabancı misafirler için de uygun bir profilim. Sunabildiğim özellikler: türkçe bilir, yabancı uyruklu, eve gelir. Her buluşmada özenli, saygılı ve pozitif bir atmosfer yaratmaya çalışıyorum. Görüşmek üzere! Kuşadası'nın gece hayatı, sahil yürüyüşleri ve sakin mekanlarında birlikte vakit geçirmekten hoşlanırım. Sizin tercihlerinize göre programı birlikte şekillendirebiliriz. Kuşadası'nın gece hayatı, sahil yürüyüşleri ve sakin mekanlarında birlikte vakit geçirmekten hoşlanırım. Sizin tercihlerinize göre programı birlikte şekillendirebiliriz."
Özge 3,25,"Kuşadası, Davutlar",4800,0534 993 42 16,"Kredi Kartı, Kripto, Nakit","türkçe bilir, otel gelir",0,https://picsum.photos/id/177/400/600,"Selam! Adım Özge. Davutlar mahallesinde buluşmalar düzenliyorum; sıcakkanlı, anlayışlı ve profesyonel bir yaklaşım benim için öncelik. 25 yaşındayım ve Kuşadası'nda aktif olarak hizmet veriyorum. Randevu öncesi kısa bir telefon görüşmesiyle beklentilerinizi dinlemeyi tercih ediyorum. Böylece buluşmamız daha verimli ve keyifli geçiyor. Kuşadası'nın gece hayatı, sahil yürüyüşleri ve sakin mekanlarında birlikte vakit geçirmekten hoşlanırım. Sizin tercihlerinize göre programı birlikte şekillendirebiliriz. Sunabildiğim özellikler: türkçe bilir, otel gelir. Uygun ödeme seçenekleri ve esnek buluşma koşulları sunuyorum. Sorularınız için mesaj atmanız yeterli. Randevu öncesi kısa bir telefon görüşmesiyle beklentilerinizi dinlemeyi tercih ediyorum. Böylece buluşmamız daha verimli ve keyifli geçiyor. Şehrin ritmine uyum sağlayan, esnek programım sayesinde günün her saatinde randevu alabilirsiniz. İlk görüşmede rahat hissetmeniz benim için çok önemli; bu yüzden iletişime her zaman açık ve netim."
Irmak Premium,34,"Kuşadası, Türkmen",1100,0538 154 60 74,"Nakit, Kredi Kartı","türkçe bilir, eve gelir",1,https://picsum.photos/id/338/400/600,"Merhaba, ben Irmak. Kuşadası'nın Türkmen bölgesinde sizlere özel, samimi ve güvenilir bir arkadaşlık deneyimi sunuyorum. 34 yaşındayım ve Kuşadası'nda aktif olarak hizmet veriyorum. Seyahat eden misafirlerin yanı sıra yerel ziyaretçilere de hizmet veriyorum. İngilizce ve Türkçe iletişim kurabiliyorum; yabancı misafirler için de uygun bir profilim. Uzun süredir bu alanda deneyimliyim ve müşteri memnuniyetini her şeyin üzerinde tutuyorum. Gizliliğe saygı, hijyen ve nezaket benim için vazgeçilmez üç temel ilkedir. Sunabildiğim özellikler: türkçe bilir, eve gelir. Uygun ödeme seçenekleri ve esnek buluşma koşulları sunuyorum. Sorularınız için mesaj atmanız yeterli. Şehrin ritmine uyum sağlayan, esnek programım sayesinde günün her saatinde randevu alabilirsiniz. İlk görüşmede rahat hissetmeniz benim için çok önemli; bu yüzden iletişime her zaman açık ve netim."
Kader Elite,35,"Kuşadası, Yavansu",1800,0545 580 67 88,Nakit,"türkçe bilir, eve gelir",0,https://picsum.photos/id/399/400/600,"Kuşadası'nın en güzel köşelerinden Yavansu'da hizmet veren Kader olarak sizleri ağırlamaktan mutluluk duyarım. 35 yaşındayım ve Kuşadası'nda aktif olarak hizmet veriyorum. Şehrin ritmine uyum sağlayan, esnek programım sayesinde günün her saatinde randevu alabilirsiniz. İlk görüşmede rahat hissetmeniz benim için çok önemli; bu yüzden iletişime her zaman açık ve netim. Seyahat eden misafirlerin yanı sıra yerel ziyaretçilere de hizmet veriyorum. İngilizce ve Türkçe iletişim kurabiliyorum; yabancı misafirler için de uygun bir profilim. Sunabildiğim özellikler: türkçe bilir, eve gelir. Uygun ödeme seçenekleri ve esnek buluşma koşulları sunuyorum. Sorularınız için mesaj atmanız yeterli. Seyahat eden misafirlerin yanı sıra yerel ziyaretçilere de hizmet veriyorum. İngilizce ve Türkçe iletişim kurabiliyorum; yabancı misafirler için de uygun bir profilim."
Elif Premium,21,"Kuşadası, Davutlar",3600,0544 912 89 68,Nakit,"24 saat, partner, otel gelir, eve gelir, türkçe bilir",1,https://picsum.photos/id/447/400/600,"Kuşadası'nın en güzel köşelerinden Davutlar'da hizmet veren Elif olarak sizleri ağırlamaktan mutluluk duyarım. 21 yaşındayım ve Kuşadası'nda aktif olarak hizmet veriyorum. Şehrin ritmine uyum sağlayan, esnek programım sayesinde günün her saatinde randevu alabilirsiniz. İlk görüşmede rahat hissetmeniz benim için çok önemli; bu yüzden iletişime her zaman açık ve netim. Kuşadası'nın gece hayatı, sahil yürüyüşleri ve sakin mekanlarında birlikte vakit geçirmekten hoşlanırım. Sizin tercihlerinize göre programı birlikte şekillendirebiliriz. Sunabildiğim özellikler: 24 saat, partner, otel gelir, eve gelir, türkçe bilir. Profilimi incelediğiniz için teşekkürler. Güvenilir, samimi ve profesyonel bir buluşma için doğru adrestesiniz. Uzun süredir bu alanda deneyimliyim ve müşteri memnuniyetini her şeyin üzerinde tutuyorum. Gizliliğe saygı, hijyen ve nezaket benim için vazgeçilmez üç temel ilkedir."
Umay 2,33,"Kuşadası, Güvercinada",1500,0542 469 18 77,"Kripto, Nakit, Kredi Kartı","otel gelir, masaj, yabancı uyruklu, türkçe bilir, eve gelir",0,https://picsum.photos/id/548/400/600,"Selam! Adım Umay. Güvercinada mahallesinde buluşmalar düzenliyorum; sıcakkanlı, anlayışlı ve profesyonel bir yaklaşım benim için öncelik. 33 yaşındayım ve Kuşadası'nda aktif olarak hizmet veriyorum. Şehrin ritmine uyum sağlayan, esnek programım sayesinde günün her saatinde randevu alabilirsiniz. İlk görüşmede rahat hissetmeniz benim için çok önemli; bu yüzden iletişime her zaman açık ve netim. Seyahat eden misafirlerin yanı sıra yerel ziyaretçilere de hizmet veriyorum. İngilizce ve Türkçe iletişim kurabiliyorum; yabancı misafirler için de uygun bir profilim. Sunabildiğim özellikler: otel gelir, masaj, yabancı uyruklu, türkçe bilir, eve gelir. Uygun ödeme seçenekleri ve esnek buluşma koşulları sunuyorum. Sorularınız için mesaj atmanız yeterli. Şehrin ritmine uyum sağlayan, esnek programım sayesinde günün her saatinde randevu alabilirsiniz. İlk görüşmede rahat hissetmeniz benim için çok önemli; bu yüzden iletişime her zaman açık ve netim."
Umay 3,30,"Kuşadası, Güvercinada",1200,0537 659 53 92,Kripto,"masaj, yabancı uyruklu, eve gelir, 24 saat, otel gelir",0,https://picsum.photos/id/550/400/600,"Kuşadası'nın en güzel köşelerinden Güvercinada'da hizmet veren Umay olarak sizleri ağırlamaktan mutluluk duyarım. 30 yaşındayım ve Kuşadası'nda aktif olarak hizmet veriyorum. Şehrin ritmine uyum sağlayan, esnek programım sayesinde günün her saatinde randevu alabilirsiniz. İlk görüşmede rahat hissetmeniz benim için çok önemli; bu yüzden iletişime her zaman açık ve netim. Seyahat eden misafirlerin yanı sıra yerel ziyaretçilere de hizmet veriyorum. İngilizce ve Türkçe iletişim kurabiliyorum; yabancı misafirler için de uygun bir profilim. Sunabildiğim özellikler: masaj, yabancı uyruklu, eve gelir, 24 saat, otel gelir. Uygun ödeme seçenekleri ve esnek buluşma koşulları sunuyorum. Sorularınız için mesaj atmanız yeterli. Şehrin ritmine uyum sağlayan, esnek programım sayesinde günün her saatinde randevu alabilirsiniz. İlk görüşmede rahat hissetmeniz benim için çok önemli; bu yüzden iletişime her zaman açık ve netim."
Hale Plus,21,"Kuşadası, Türkmen",2900,0542 507 79 70,"Nakit, Kripto","türkçe bilir, otel gelir, partner, 24 saat",1,https://picsum.photos/id/582/400/600,"Selam! Adım Hale. Türkmen mahallesinde buluşmalar düzenliyorum; sıcakkanlı, anlayışlı ve profesyonel bir yaklaşım benim için öncelik. 21 yaşındayım ve Kuşadası'nda aktif olarak hizmet veriyorum. Randevu öncesi kısa bir telefon görüşmesiyle beklentilerinizi dinlemeyi tercih ediyorum. Böylece buluşmamız daha verimli ve keyifli geçiyor. Randevu öncesi kısa bir telefon görüşmesiyle beklentilerinizi dinlemeyi tercih ediyorum. Böylece buluşmamız daha verimli ve keyifli geçiyor. Sunabildiğim özellikler: türkçe bilir, otel gelir, partner, 24 saat. Her buluşmada özenli, saygılı ve pozitif bir atmosfer yaratmaya çalışıyorum. Görüşmek üzere! Randevu öncesi kısa bir telefon görüşmesiyle beklentilerinizi dinlemeyi tercih ediyorum. Böylece buluşmamız daha verimli ve keyifli geçiyor. Seyahat eden misafirlerin yanı sıra yerel ziyaretçilere de hizmet veriyorum. İngilizce ve Türkçe iletişim kurabiliyorum; yabancı misafirler için de uygun bir profilim."
Gamze Elite,35,"Kuşadası, Yavansu",4100,0537 916 76 44,Kripto,"otel gelir, yabancı uyruklu, 24 saat, eve gelir, türkçe bilir",0,https://picsum.photos/id/633/400/600,"Merhaba, ben Gamze. Kuşadası'nın Yavansu bölgesinde sizlere özel, samimi ve güvenilir bir arkadaşlık deneyimi sunuyorum. 35 yaşındayım ve Kuşadası'nda aktif olarak hizmet veriyorum. Şehrin ritmine uyum sağlayan, esnek programım sayesinde günün her saatinde randevu alabilirsiniz. İlk görüşmede rahat hissetmeniz benim için çok önemli; bu yüzden iletişime her zaman açık ve netim. Seyahat eden misafirlerin yanı sıra yerel ziyaretçilere de hizmet veriyorum. İngilizce ve Türkçe iletişim kurabiliyorum; yabancı misafirler için de uygun bir profilim. Sunabildiğim özellikler: otel gelir, yabancı uyruklu, 24 saat, eve gelir, türkçe bilir. Profilimi incelediğiniz için teşekkürler. Güvenilir, samimi ve profesyonel bir buluşma için doğru adrestesiniz. Seyahat eden misafirlerin yanı sıra yerel ziyaretçilere de hizmet veriyorum. İngilizce ve Türkçe iletişim kurabiliyorum; yabancı misafirler için de uygun bir profilim."
