title,yas,lokasyon,fiyat,telefon,odeme_sekli,ozellikler,vip,image_url,description
Pınar,29,"Kuşadası, Kadınlar Denizi",3000,05536 816 92 50,"Nakit, Kripto, Kredi Kartı","24 saat, Türkçe bilir, Partner, Eve gelir, Yabancı uyruklu",0,https://picsum.photos/id/582/400/600,"Selam! Ben Pınar, Kadınlar Denizi çevresinde sıcakkanlı, enerjik ve özenli biriyim. Esnek çalışma saatlerim ve farklı ödeme seçeneklerimle size kolaylık sağlıyorum. Randevu öncesi kısa bir mesajla detayları netleştirmeniz yeterli. Kuşadası'nda güvenilir, sıcak ve profesyonel bir arkadaşlık arıyorsanız benimle iletişime geçebilirsiniz. Yıllardır bölgeyi iyi tanıyan biri olarak size Kuşadası'nın en güzel köşelerini de önerebilirim. İletişimde açık ve net olmayı tercih ederim; bu sayede her iki taraf da memnun ayrılır. Özenli görünümüm, pozitif enerjim ve güler yüzümle tanınırım. Misafirlerimin kendini özel hissetmesi benim için çok önemli. Buluşmalarımızda samimi sohbet, rahat bir ortam ve karşılıklı güven ön plandadır. Yoğun tempolu günlerinizden sonra dinlenmek ve keyifli vakit geçirmek istiyorsanız doğru adrestesiniz. Sunduğum hizmetler arasında 24 saat, Türkçe bilir, Partner, Eve gelir ve Yabancı uyruklu bulunmaktadır. Ödeme olarak Nakit, Kripto, Kredi Kartı kabul ediyorum. Sizinle tanışmayı dört gözle bekliyorum — Pınar."
Melis,27,"Kuşadası, Cumhuriyet",2650,05543 761 61 65,"Nakit, Kredi Kartı, Kripto","Otel gelir, Türkçe bilir, 24 saat, Eve gelir",0,https://picsum.photos/id/702/400/600,"Selam! Ben Melis, Cumhuriyet çevresinde sıcakkanlı, enerjik ve özenli biriyim. Profesyonel yaklaşımım ve esnek programım sayesinde size en uygun saatte buluşma imkânı sunuyorum. Detayları önceden netleştirir, beklentilerinizi dinler ve buna göre plan yaparım. Samimi ama ölçülü bir ortamda, stresinizden uzaklaşmanıza yardımcı olacak bir deneyim yaşatmayı amaçlıyorum. Güleryüzlü tavrım ve iletişim becerilerimle kendinizi hemen rahat hissetmenizi sağlarım. Randevularımda hijyen, gizlilik ve karşılıklı saygı benim için her zaman önceliklidir. Kuşadası'nın canlı atmosferinde kaliteli zaman geçirmek isteyen misafirlerimle keyifli sohbetler eder, birlikte unutulmaz anılar biriktirmeyi hedeflerim. Sunduğum hizmetler arasında Otel gelir, Türkçe bilir, 24 saat ve Eve gelir bulunmaktadır. Ödeme olarak Nakit, Kredi Kartı, Kripto kabul ediyorum. Detaylar için mesaj atmanız yeterli. Sevgiler, Melis."
Vildan,22,"Kuşadası, Cumhuriyet",1850,05552 162 52 66,"Nakit, Kredi Kartı, Kripto","Otel gelir, 24 saat, Partner, Türkçe bilir, Yabancı uyruklu",0,https://picsum.photos/id/447/400/600,"Ben Vildan. Cumhuriyet bölgesinde konforlu, saygılı ve keyifli bir buluşma atmosferi oluşturmayı seviyorum. Misafirlerimin kendini özel hissetmesi benim için çok önemli. Buluşmalarımızda samimi sohbet, rahat bir ortam ve karşılıklı güven ön plandadır. Yoğun tempolu günlerinizden sonra dinlenmek ve keyifli vakit geçirmek istiyorsanız doğru adrestesiniz. Profesyonel yaklaşımım ve esnek programım sayesinde size en uygun saatte buluşma imkânı sunuyorum. Detayları önceden netleştirir, beklentilerinizi dinler ve buna göre plan yaparım. Samimi ama ölçülü bir ortamda, stresinizden uzaklaşmanıza yardımcı olacak bir deneyim yaşatmayı amaçlıyorum. Sunduğum hizmetler arasında Otel gelir, 24 saat, Partner, Türkçe bilir ve Yabancı uyruklu bulunmaktadır. Ödeme olarak Nakit, Kredi Kartı, Kripto kabul ediyorum. Görüşmek üzere, Vildan."
Ceyda,21,"Kuşadası, Merkez",2750,05543 184 98 75,"Kripto, Kredi Kartı","Masaj, 24 saat, Yabancı uyruklu",0,https://picsum.photos/id/65/400/600,"Merhaba, ben Ceyda. Kuşadası'nın Merkez bölgesinde samimi ve güvenilir bir arkadaşlık deneyimi sunuyorum. Yıllardır bölgeyi iyi tanıyan biri olarak size Kuşadası'nın en güzel köşelerini de önerebilirim. İletişimde açık ve net olmayı tercih ederim; bu sayede her iki taraf da memnun ayrılır. Özenli görünümüm, pozitif enerjim ve güler yüzümle tanınırım. Güleryüzlü tavrım ve iletişim becerilerimle kendinizi hemen rahat hissetmenizi sağlarım. Randevularımda hijyen, gizlilik ve karşılıklı saygı benim için her zaman önceliklidir. Kuşadası'nın canlı atmosferinde kaliteli zaman geçirmek isteyen misafirlerimle keyifli sohbetler eder, birlikte unutulmaz anılar biriktirmeyi hedeflerim. Sunduğum hizmetler arasında Masaj, 24 saat ve Yabancı uyruklu bulunmaktadır. Ödeme olarak Kripto, Kredi Kartı kabul ediyorum. Detaylar için mesaj atmanız yeterli. Sevgiler, Ceyda."
Jale,21,"Kuşadası, Yavansu",3950,05538 149 24 65,"Nakit, Kripto","Partner, Türkçe bilir, Masaj",0,https://picsum.photos/id/548/400/600,"Merhaba, ben Jale. Kuşadası'nın Yavansu bölgesinde samimi ve güvenilir bir arkadaşlık deneyimi sunuyorum. Yıllardır bölgeyi iyi tanıyan biri olarak size Kuşadası'nın en güzel köşelerini de önerebilirim. İletişimde açık ve net olmayı tercih ederim; bu sayede her iki taraf da memnun ayrılır. Özenli görünümüm, pozitif enerjim ve güler yüzümle tanınırım. Misafirlerimin kendini özel hissetmesi benim için çok önemli. Buluşmalarımızda samimi sohbet, rahat bir ortam ve karşılıklı güven ön plandadır. Yoğun tempolu günlerinizden sonra dinlenmek ve keyifli vakit geçirmek istiyorsanız doğru adrestesiniz. Sunduğum hizmetler arasında Partner, Türkçe bilir ve Masaj bulunmaktadır. Ödeme olarak Nakit, Kripto kabul ediyorum. Görüşmek üzere, Jale. Misafirlerimin kendini özel hissetmesi benim için çok önemli. Buluşmalarımızda samimi sohbet, rahat bir ortam ve karşılıklı güven ön plandadır. Yoğun tempolu günlerinizden sonra dinlenmek ve keyifli vakit geçirmek istiyorsanız doğru adrestesiniz."
Elif,30,"Kuşadası, Karaova",2250,05554 941 22 11,"Kredi Kartı, Kripto, Nakit","Türkçe bilir, Yabancı uyruklu, Otel gelir, 24 saat",1,https://picsum.photos/id/978/400/600,"Selam! Ben Elif, Karaova çevresinde sıcakkanlı, enerjik ve özenli biriyim. Misafirlerimin kendini özel hissetmesi benim için çok önemli. Buluşmalarımızda samimi sohbet, rahat bir ortam ve karşılıklı güven ön plandadır. Yoğun tempolu günlerinizden sonra dinlenmek ve keyifli vakit geçirmek istiyorsanız doğru adrestesiniz. Profesyonel yaklaşımım ve esnek programım sayesinde size en uygun saatte buluşma imkânı sunuyorum. Detayları önceden netleştirir, beklentilerinizi dinler ve buna göre plan yaparım. Samimi ama ölçülü bir ortamda, stresinizden uzaklaşmanıza yardımcı olacak bir deneyim yaşatmayı amaçlıyorum. Sunduğum hizmetler arasında Türkçe bilir, Yabancı uyruklu, Otel gelir ve 24 saat bulunmaktadır. Ödeme olarak Kredi Kartı, Kripto, Nakit kabul ediyorum. Sizinle tanışmayı dört gözle bekliyorum — Elif."
Nazlı,27,"Kuşadası, Hacıfeyzullah",2750,05539 637 74 56,"Kripto, Nakit, Kredi Kartı","Partner, Eve gelir, Yabancı uyruklu",0,https://picsum.photos/id/995/400/600,"Ben Nazlı. Hacıfeyzullah bölgesinde konforlu, saygılı ve keyifli bir buluşma atmosferi oluşturmayı seviyorum. Profesyonel yaklaşımım ve esnek programım sayesinde size en uygun saatte buluşma imkânı sunuyorum. Detayları önceden netleştirir, beklentilerinizi dinler ve buna göre plan yaparım. Samimi ama ölçülü bir ortamda, stresinizden uzaklaşmanıza yardımcı olacak bir deneyim yaşatmayı amaçlıyorum. Esnek çalışma saatlerim ve farklı ödeme seçeneklerimle size kolaylık sağlıyorum. Randevu öncesi kısa bir mesajla detayları netleştirmeniz yeterli. Kuşadası'nda güvenilir, sıcak ve profesyonel bir arkadaşlık arıyorsanız benimle iletişime geçebilirsiniz. Misafirlerimin kendini özel hissetmesi benim için çok önemli. Buluşmalarımızda samimi sohbet, rahat bir ortam ve karşılıklı güven ön plandadır. Yoğun tempolu günlerinizden sonra dinlenmek ve keyifli vakit geçirmek istiyorsanız doğru adrestesiniz. Sunduğum hizmetler arasında Partner, Eve gelir ve Yabancı uyruklu bulunmaktadır. Ödeme olarak Kripto, Nakit, Kredi Kartı kabul ediyorum. Detaylar için mesaj atmanız yeterli. Sevgiler, Nazlı."
Nazlı2,26,"Kuşadası, Yılancı Burnu",2400,05553 237 75 97,"Kripto, Nakit, Kredi Kartı","Otel gelir, 24 saat",1,https://picsum.photos/id/702/400/600,"Ben Nazlı. Yılancı Burnu bölgesinde konforlu, saygılı ve keyifli bir buluşma atmosferi oluşturmayı seviyorum. Güleryüzlü tavrım ve iletişim becerilerimle kendinizi hemen rahat hissetmenizi sağlarım. Randevularımda hijyen, gizlilik ve karşılıklı saygı benim için her zaman önceliklidir. Kuşadası'nın canlı atmosferinde kaliteli zaman geçirmek isteyen misafirlerimle keyifli sohbetler eder, birlikte unutulmaz anılar biriktirmeyi hedeflerim. Esnek çalışma saatlerim ve farklı ödeme seçeneklerimle size kolaylık sağlıyorum. Randevu öncesi kısa bir mesajla detayları netleştirmeniz yeterli. Kuşadası'nda güvenilir, sıcak ve profesyonel bir arkadaşlık arıyorsanız benimle iletişime geçebilirsiniz. Sunduğum hizmetler arasında Otel gelir ve 24 saat bulunmaktadır. Ödeme olarak Kripto, Nakit, Kredi Kartı kabul ediyorum. Detaylar için mesaj atmanız yeterli. Sevgiler, Nazlı."
Zeynep,27,"Kuşadası, Karaova",4950,05533 565 68 31,"Kripto, Kredi Kartı","Partner, Eve gelir, Otel gelir, 24 saat, Yabancı uyruklu",0,https://picsum.photos/id/912/400/600,"Merhaba, ben Zeynep. Kuşadası'nın Karaova bölgesinde samimi ve güvenilir bir arkadaşlık deneyimi sunuyorum. Esnek çalışma saatlerim ve farklı ödeme seçeneklerimle size kolaylık sağlıyorum. Randevu öncesi kısa bir mesajla detayları netleştirmeniz yeterli. Kuşadası'nda güvenilir, sıcak ve profesyonel bir arkadaşlık arıyorsanız benimle iletişime geçebilirsiniz. Yıllardır bölgeyi iyi tanıyan biri olarak size Kuşadası'nın en güzel köşelerini de önerebilirim. İletişimde açık ve net olmayı tercih ederim; bu sayede her iki taraf da memnun ayrılır. Özenli görünümüm, pozitif enerjim ve güler yüzümle tanınırım. Güleryüzlü tavrım ve iletişim becerilerimle kendinizi hemen rahat hissetmenizi sağlarım. Randevularımda hijyen, gizlilik ve karşılıklı saygı benim için her zaman önceliklidir. Kuşadası'nın canlı atmosferinde kaliteli zaman geçirmek isteyen misafirlerimle keyifli sohbetler eder, birlikte unutulmaz anılar biriktirmeyi hedeflerim. Sunduğum hizmetler arasında Partner, Eve gelir, Otel gelir, 24 saat ve Yabancı uyruklu bulunmaktadır. Ödeme olarak Kripto, Kredi Kartı kabul ediyorum. Sizinle tanışmayı dört gözle bekliyorum — Zeynep."
Jale2,30,"Kuşadası, Davutlar",3150,05532 762 98 28,"Kredi Kartı, Kripto","Türkçe bilir, Partner, Otel gelir",0,https://picsum.photos/id/548/400/600,"Merhaba, ben Jale. Kuşadası'nın Davutlar bölgesinde samimi ve güvenilir bir arkadaşlık deneyimi sunuyorum. Esnek çalışma saatlerim ve farklı ödeme seçeneklerimle size kolaylık sağlıyorum. Randevu öncesi kısa bir mesajla detayları netleştirmeniz yeterli. Kuşadası'nda güvenilir, sıcak ve profesyonel bir arkadaşlık arıyorsanız benimle iletişime geçebilirsiniz. Güleryüzlü tavrım ve iletişim becerilerimle kendinizi hemen rahat hissetmenizi sağlarım. Randevularımda hijyen, gizlilik ve karşılıklı saygı benim için her zaman önceliklidir. Kuşadası'nın canlı atmosferinde kaliteli zaman geçirmek isteyen misafirlerimle keyifli sohbetler eder, birlikte unutulmaz anılar biriktirmeyi hedeflerim. Yıllardır bölgeyi iyi tanıyan biri olarak size Kuşadası'nın en güzel köşelerini de önerebilirim. İletişimde açık ve net olmayı tercih ederim; bu sayede her iki taraf da memnun ayrılır. Özenli görünümüm, pozitif enerjim ve güler yüzümle tanınırım. Sunduğum hizmetler arasında Türkçe bilir, Partner ve Otel gelir bulunmaktadır. Ödeme olarak Kredi Kartı, Kripto kabul ediyorum. Görüşmek üzere, Jale."
Funda,22,"Kuşadası, Yılancı Burnu",3300,05553 836 84 44,"Kredi Kartı, Kripto","Eve gelir, Masaj, Otel gelir, Partner, 24 saat",0,https://picsum.photos/id/338/400/600,"Ben Funda. Yılancı Burnu bölgesinde konforlu, saygılı ve keyifli bir buluşma atmosferi oluşturmayı seviyorum. Güleryüzlü tavrım ve iletişim becerilerimle kendinizi hemen rahat hissetmenizi sağlarım. Randevularımda hijyen, gizlilik ve karşılıklı saygı benim için her zaman önceliklidir. Kuşadası'nın canlı atmosferinde kaliteli zaman geçirmek isteyen misafirlerimle keyifli sohbetler eder, birlikte unutulmaz anılar biriktirmeyi hedeflerim. Yıllardır bölgeyi iyi tanıyan biri olarak size Kuşadası'nın en güzel köşelerini de önerebilirim. İletişimde açık ve net olmayı tercih ederim; bu sayede her iki taraf da memnun ayrılır. Özenli görünümüm, pozitif enerjim ve güler yüzümle tanınırım. Sunduğum hizmetler arasında Eve gelir, Masaj, Otel gelir, Partner ve 24 saat bulunmaktadır. Ödeme olarak Kredi Kartı, Kripto kabul ediyorum. Detaylar için mesaj atmanız yeterli. Sevgiler, Funda."
Derya,21,"Kuşadası, Karaova",3250,05546 138 81 86,"Nakit, Kripto","24 saat, Partner",0,https://picsum.photos/id/837/400/600,"Merhaba, ben Derya. Kuşadası'nın Karaova bölgesinde samimi ve güvenilir bir arkadaşlık deneyimi sunuyorum. Misafirlerimin kendini özel hissetmesi benim için çok önemli. Buluşmalarımızda samimi sohbet, rahat bir ortam ve karşılıklı güven ön plandadır. Yoğun tempolu günlerinizden sonra dinlenmek ve keyifli vakit geçirmek istiyorsanız doğru adrestesiniz. Profesyonel yaklaşımım ve esnek programım sayesinde size en uygun saatte buluşma imkânı sunuyorum. Detayları önceden netleştirir, beklentilerinizi dinler ve buna göre plan yaparım. Samimi ama ölçülü bir ortamda, stresinizden uzaklaşmanıza yardımcı olacak bir deneyim yaşatmayı amaçlıyorum. Sunduğum hizmetler arasında 24 saat ve Partner bulunmaktadır. Ödeme olarak Nakit, Kripto kabul ediyorum. Sizinle tanışmayı dört gözle bekliyorum — Derya."
Pınar2,24,"Kuşadası, Kadınlar Denizi",1550,05553 827 86 96,Nakit,"Eve gelir, Partner, Türkçe bilir, 24 saat",0,https://picsum.photos/id/659/400/600,"Ben Pınar. Kadınlar Denizi bölgesinde konforlu, saygılı ve keyifli bir buluşma atmosferi oluşturmayı seviyorum. Güleryüzlü tavrım ve iletişim becerilerimle kendinizi hemen rahat hissetmenizi sağlarım. Randevularımda hijyen, gizlilik ve karşılıklı saygı benim için her zaman önceliklidir. Kuşadası'nın canlı atmosferinde kaliteli zaman geçirmek isteyen misafirlerimle keyifli sohbetler eder, birlikte unutulmaz anılar biriktirmeyi hedeflerim. Yıllardır bölgeyi iyi tanıyan biri olarak size Kuşadası'nın en güzel köşelerini de önerebilirim. İletişimde açık ve net olmayı tercih ederim; bu sayede her iki taraf da memnun ayrılır. Özenli görünümüm, pozitif enerjim ve güler yüzümle tanınırım. Sunduğum hizmetler arasında Eve gelir, Partner, Türkçe bilir ve 24 saat bulunmaktadır. Ödeme olarak Nakit kabul ediyorum. Detaylar için mesaj atmanız yeterli. Sevgiler, Pınar."
Zeynep2,32,"Kuşadası, Camiatik",2650,05537 580 63 95,"Kripto, Kredi Kartı, Nakit","Otel gelir, Yabancı uyruklu, Partner",0,https://picsum.photos/id/64/400/600,"Selam! Ben Zeynep, Camiatik çevresinde sıcakkanlı, enerjik ve özenli biriyim. Misafirlerimin kendini özel hissetmesi benim için çok önemli. Buluşmalarımızda samimi sohbet, rahat bir ortam ve karşılıklı güven ön plandadır. Yoğun tempolu günlerinizden sonra dinlenmek ve keyifli vakit geçirmek istiyorsanız doğru adrestesiniz. Yıllardır bölgeyi iyi tanıyan biri olarak size Kuşadası'nın en güzel köşelerini de önerebilirim. İletişimde açık ve net olmayı tercih ederim; bu sayede her iki taraf da memnun ayrılır. Özenli görünümüm, pozitif enerjim ve güler yüzümle tanınırım. Esnek çalışma saatlerim ve farklı ödeme seçeneklerimle size kolaylık sağlıyorum. Randevu öncesi kısa bir mesajla detayları netleştirmeniz yeterli. Kuşadası'nda güvenilir, sıcak ve profesyonel bir arkadaşlık arıyorsanız benimle iletişime geçebilirsiniz. Sunduğum hizmetler arasında Otel gelir, Yabancı uyruklu ve Partner bulunmaktadır. Ödeme olarak Kripto, Kredi Kartı, Nakit kabul ediyorum. Görüşmek üzere, Zeynep."
Irmak,22,"Kuşadası, Güzelçamlı",4800,05553 946 67 69,"Nakit, Kripto, Kredi Kartı","Otel gelir, 24 saat, Türkçe bilir",1,https://picsum.photos/id/912/400/600,"Selam! Ben Irmak, Güzelçamlı çevresinde sıcakkanlı, enerjik ve özenli biriyim. Profesyonel yaklaşımım ve esnek programım sayesinde size en uygun saatte buluşma imkânı sunuyorum. Detayları önceden netleştirir, beklentilerinizi dinler ve buna göre plan yaparım. Samimi ama ölçülü bir ortamda, stresinizden uzaklaşmanıza yardımcı olacak bir deneyim yaşatmayı amaçlıyorum. Misafirlerimin kendini özel hissetmesi benim için çok önemli. Buluşmalarımızda samimi sohbet, rahat bir ortam ve karşılıklı güven ön plandadır. Yoğun tempolu günlerinizden sonra dinlenmek ve keyifli vakit geçirmek istiyorsanız doğru adrestesiniz. Esnek çalışma saatlerim ve farklı ödeme seçeneklerimle size kolaylık sağlıyorum. Randevu öncesi kısa bir mesajla detayları netleştirmeniz yeterli. Kuşadası'nda güvenilir, sıcak ve profesyonel bir arkadaşlık arıyorsanız benimle iletişime geçebilirsiniz. Sunduğum hizmetler arasında Otel gelir, 24 saat ve Türkçe bilir bulunmaktadır. Ödeme olarak Nakit, Kripto, Kredi Kartı kabul ediyorum. Detaylar için mesaj atmanız yeterli. Sevgiler, Irmak."
Derya2,23,"Kuşadası, Hacıfeyzullah",3100,05546 349 53 17,"Kripto, Nakit, Kredi Kartı","Masaj, Yabancı uyruklu, Eve gelir, Partner, 24 saat",0,https://picsum.photos/id/399/400/600,"Merhaba, ben Derya. Kuşadası'nın Hacıfeyzullah bölgesinde samimi ve güvenilir bir arkadaşlık deneyimi sunuyorum. Profesyonel yaklaşımım ve esnek programım sayesinde size en uygun saatte buluşma imkânı sunuyorum. Detayları önceden netleştirir, beklentilerinizi dinler ve buna göre plan yaparım. Samimi ama ölçülü bir ortamda, stresinizden uzaklaşmanıza yardımcı olacak bir deneyim yaşatmayı amaçlıyorum. Misafirlerimin kendini özel hissetmesi benim için çok önemli. Buluşmalarımızda samimi sohbet, rahat bir ortam ve karşılıklı güven ön plandadır. Yoğun tempolu günlerinizden sonra dinlenmek ve keyifli vakit geçirmek istiyorsanız doğru adrestesiniz. Yıllardır bölgeyi iyi tanıyan biri olarak size Kuşadası'nın en güzel köşelerini de önerebilirim. İletişimde açık ve net olmayı tercih ederim; bu sayede her iki taraf da memnun ayrılır. Özenli görünümüm, pozitif enerjim ve güler yüzümle tanınırım. Sunduğum hizmetler arasında Masaj, Yabancı uyruklu, Eve gelir, Partner ve 24 saat bulunmaktadır. Ödeme olarak Kripto, Nakit, Kredi Kartı kabul ediyorum. Detaylar için mesaj atmanız yeterli. Sevgiler, Derya."
Özge,24,"Kuşadası, Güzelçamlı",4700,05542 358 12 88,Kredi Kartı,"Otel gelir, Eve gelir, 24 saat",1,https://picsum.photos/id/912/400/600,"Selam! Ben Özge, Güzelçamlı çevresinde sıcakkanlı, enerjik ve özenli biriyim. Güleryüzlü tavrım ve iletişim becerilerimle kendinizi hemen rahat hissetmenizi sağlarım. Randevularımda hijyen, gizlilik ve karşılıklı saygı benim için her zaman önceliklidir. Kuşadası'nın canlı atmosferinde kaliteli zaman geçirmek isteyen misafirlerimle keyifli sohbetler eder, birlikte unutulmaz anılar biriktirmeyi hedeflerim. Esnek çalışma saatlerim ve farklı ödeme seçeneklerimle size kolaylık sağlıyorum. Randevu öncesi kısa bir mesajla detayları netleştirmeniz yeterli. Kuşadası'nda güvenilir, sıcak ve profesyonel bir arkadaşlık arıyorsanız benimle iletişime geçebilirsiniz. Sunduğum hizmetler arasında Otel gelir, Eve gelir ve 24 saat bulunmaktadır. Ödeme olarak Kredi Kartı kabul ediyorum. Görüşmek üzere, Özge. Misafirlerimin kendini özel hissetmesi benim için çok önemli. Buluşmalarımızda samimi sohbet, rahat bir ortam ve karşılıklı güven ön plandadır. Yoğun tempolu günlerinizden sonra dinlenmek ve keyifli vakit geçirmek istiyorsanız doğru adrestesiniz."
Selin,32,"Kuşadası, Cumhuriyet",4050,05546 390 57 65,Kredi Kartı,"Masaj, Yabancı uyruklu",0,https://picsum.photos/id/399/400/600,"Selam! Ben Selin, Cumhuriyet çevresinde sıcakkanlı, enerjik ve özenli biriyim. Profesyonel yaklaşımım ve esnek programım sayesinde size en uygun saatte buluşma imkânı sunuyorum. Detayları önceden netleştirir, beklentilerinizi dinler ve buna göre plan yaparım. Samimi ama ölçülü bir ortamda, stresinizden uzaklaşmanıza yardımcı olacak bir deneyim yaşatmayı amaçlıyorum. Güleryüzlü tavrım ve iletişim becerilerimle kendinizi hemen rahat hissetmenizi sağlarım. Randevularımda hijyen, gizlilik ve karşılıklı saygı benim için her zaman önceliklidir. Kuşadası'nın canlı atmosferinde kaliteli zaman geçirmek isteyen misafirlerimle keyifli sohbetler eder, birlikte unutulmaz anılar biriktirmeyi hedeflerim. Misafirlerimin kendini özel hissetmesi benim için çok önemli. Buluşmalarımızda samimi sohbet, rahat bir ortam ve karşılıklı güven ön plandadır. Yoğun tempolu günlerinizden sonra dinlenmek ve keyifli vakit geçirmek istiyorsanız doğru adrestesiniz. Sunduğum hizmetler arasında Masaj ve Yabancı uyruklu bulunmaktadır. Ödeme olarak Kredi Kartı kabul ediyorum. Detaylar için mesaj atmanız yeterli. Sevgiler, Selin."
Rana,33,"Kuşadası, Kadınlar Denizi",3100,05534 267 22 27,"Nakit, Kripto","24 saat, Eve gelir",0,https://picsum.photos/id/1060/400/600,"Merhaba, ben Rana. Kuşadası'nın Kadınlar Denizi bölgesinde samimi ve güvenilir bir arkadaşlık deneyimi sunuyorum. Esnek çalışma saatlerim ve farklı ödeme seçeneklerimle size kolaylık sağlıyorum. Randevu öncesi kısa bir mesajla detayları netleştirmeniz yeterli. Kuşadası'nda güvenilir, sıcak ve profesyonel bir arkadaşlık arıyorsanız benimle iletişime geçebilirsiniz. Yıllardır bölgeyi iyi tanıyan biri olarak size Kuşadası'nın en güzel köşelerini de önerebilirim. İletişimde açık ve net olmayı tercih ederim; bu sayede her iki taraf da memnun ayrılır. Özenli görünümüm, pozitif enerjim ve güler yüzümle tanınırım. Sunduğum hizmetler arasında 24 saat ve Eve gelir bulunmaktadır. Ödeme olarak Nakit, Kripto kabul ediyorum. Görüşmek üzere, Rana. Profesyonel yaklaşımım ve esnek programım sayesinde size en uygun saatte buluşma imkânı sunuyorum. Detayları önceden netleştirir, beklentilerinizi dinler ve buna göre plan yaparım. Samimi ama ölçülü bir ortamda, stresinizden uzaklaşmanıza yardımcı olacak bir deneyim yaşatmayı amaçlıyorum."
Pınar3,23,"Kuşadası, Güvercinada",1900,05546 237 61 67,"Nakit, Kripto, Kredi Kartı","Türkçe bilir, Masaj",0,https://picsum.photos/id/1074/400/600,"Ben Pınar. Güvercinada bölgesinde konforlu, saygılı ve keyifli bir buluşma atmosferi oluşturmayı seviyorum. Esnek çalışma saatlerim ve farklı ödeme seçeneklerimle size kolaylık sağlıyorum. Randevu öncesi kısa bir mesajla detayları netleştirmeniz yeterli. Kuşadası'nda güvenilir, sıcak ve profesyonel bir arkadaşlık arıyorsanız benimle iletişime geçebilirsiniz. Yıllardır bölgeyi iyi tanıyan biri olarak size Kuşadası'nın en güzel köşelerini de önerebilirim. İletişimde açık ve net olmayı tercih ederim; bu sayede her iki taraf da memnun ayrılır. Özenli görünümüm, pozitif enerjim ve güler yüzümle tanınırım. Sunduğum hizmetler arasında Türkçe bilir ve Masaj bulunmaktadır. Ödeme olarak Nakit, Kripto, Kredi Kartı kabul ediyorum. Sizinle tanışmayı dört gözle bekliyorum — Pınar."
Nazlı3,34,"Kuşadası, Camiatik",2200,05552 174 90 62,Nakit,"Yabancı uyruklu, Eve gelir, Masaj",1,https://picsum.photos/id/338/400/600,"Ben Nazlı. Camiatik bölgesinde konforlu, saygılı ve keyifli bir buluşma atmosferi oluşturmayı seviyorum. Misafirlerimin kendini özel hissetmesi benim için çok önemli. Buluşmalarımızda samimi sohbet, rahat bir ortam ve karşılıklı güven ön plandadır. Yoğun tempolu günlerinizden sonra dinlenmek ve keyifli vakit geçirmek istiyorsanız doğru adrestesiniz. Yıllardır bölgeyi iyi tanıyan biri olarak size Kuşadası'nın en güzel köşelerini de önerebilirim. İletişimde açık ve net olmayı tercih ederim; bu sayede her iki taraf da memnun ayrılır. Özenli görünümüm, pozitif enerjim ve güler yüzümle tanınırım. Sunduğum hizmetler arasında Yabancı uyruklu, Eve gelir ve Masaj bulunmaktadır. Ödeme olarak Nakit kabul ediyorum. Detaylar için mesaj atmanız yeterli. Sevgiler, Nazlı."
Selin2,23,"Kuşadası, Güvercinada",3450,05554 177 23 25,"Nakit, Kredi Kartı","Eve gelir, Yabancı uyruklu, Partner",0,https://picsum.photos/id/611/400/600,"Merhaba, ben Selin. Kuşadası'nın Güvercinada bölgesinde samimi ve güvenilir bir arkadaşlık deneyimi sunuyorum. Profesyonel yaklaşımım ve esnek programım sayesinde size en uygun saatte buluşma imkânı sunuyorum. Detayları önceden netleştirir, beklentilerinizi dinler ve buna göre plan yaparım. Samimi ama ölçülü bir ortamda, stresinizden uzaklaşmanıza yardımcı olacak bir deneyim yaşatmayı amaçlıyorum. Esnek çalışma saatlerim ve farklı ödeme seçeneklerimle size kolaylık sağlıyorum. Randevu öncesi kısa bir mesajla detayları netleştirmeniz yeterli. Kuşadası'nda güvenilir, sıcak ve profesyonel bir arkadaşlık arıyorsanız benimle iletişime geçebilirsiniz. Sunduğum hizmetler arasında Eve gelir, Yabancı uyruklu ve Partner bulunmaktadır. Ödeme olarak Nakit, Kredi Kartı kabul ediyorum. Sizinle tanışmayı dört gözle bekliyorum — Selin."
Umay,29,"Kuşadası, Camiatik",1550,05543 472 76 71,"Nakit, Kripto","Otel gelir, Masaj, Türkçe bilir, Partner",0,https://picsum.photos/id/1011/400/600,"Merhaba, ben Umay. Kuşadası'nın Camiatik bölgesinde samimi ve güvenilir bir arkadaşlık deneyimi sunuyorum. Esnek çalışma saatlerim ve farklı ödeme seçeneklerimle size kolaylık sağlıyorum. Randevu öncesi kısa bir mesajla detayları netleştirmeniz yeterli. Kuşadası'nda güvenilir, sıcak ve profesyonel bir arkadaşlık arıyorsanız benimle iletişime geçebilirsiniz. Misafirlerimin kendini özel hissetmesi benim için çok önemli. Buluşmalarımızda samimi sohbet, rahat bir ortam ve karşılıklı güven ön plandadır. Yoğun tempolu günlerinizden sonra dinlenmek ve keyifli vakit geçirmek istiyorsanız doğru adrestesiniz. Sunduğum hizmetler arasında Otel gelir, Masaj, Türkçe bilir ve Partner bulunmaktadır. Ödeme olarak Nakit, Kripto kabul ediyorum. Görüşmek üzere, Umay. Esnek çalışma saatlerim ve farklı ödeme seçeneklerimle size kolaylık sağlıyorum. Randevu öncesi kısa bir mesajla detayları netleştirmeniz yeterli. Kuşadası'nda güvenilir, sıcak ve profesyonel bir arkadaşlık arıyorsanız benimle iletişime geçebilirsiniz."
Özge2,28,"Kuşadası, Kadınlar Denizi",1650,05542 757 86 61,"Nakit, Kripto, Kredi Kartı","Türkçe bilir, Partner",0,https://picsum.photos/id/1025/400/600,"Merhaba, ben Özge. Kuşadası'nın Kadınlar Denizi bölgesinde samimi ve güvenilir bir arkadaşlık deneyimi sunuyorum. Yıllardır bölgeyi iyi tanıyan biri olarak size Kuşadası'nın en güzel köşelerini de önerebilirim. İletişimde açık ve net olmayı tercih ederim; bu sayede her iki taraf da memnun ayrılır. Özenli görünümüm, pozitif enerjim ve güler yüzümle tanınırım. Misafirlerimin kendini özel hissetmesi benim için çok önemli. Buluşmalarımızda samimi sohbet, rahat bir ortam ve karşılıklı güven ön plandadır. Yoğun tempolu günlerinizden sonra dinlenmek ve keyifli vakit geçirmek istiyorsanız doğru adrestesiniz. Sunduğum hizmetler arasında Türkçe bilir ve Partner bulunmaktadır. Ödeme olarak Nakit, Kripto, Kredi Kartı kabul ediyorum. Görüşmek üzere, Özge."
Kader,22,"Kuşadası, Türkmen",3250,05553 572 92 36,Kredi Kartı,"Eve gelir, Yabancı uyruklu, Partner, Türkçe bilir",0,https://picsum.photos/id/550/400/600,"Selam! Ben Kader, Türkmen çevresinde sıcakkanlı, enerjik ve özenli biriyim. Esnek çalışma saatlerim ve farklı ödeme seçeneklerimle size kolaylık sağlıyorum. Randevu öncesi kısa bir mesajla detayları netleştirmeniz yeterli. Kuşadası'nda güvenilir, sıcak ve profesyonel bir arkadaşlık arıyorsanız benimle iletişime geçebilirsiniz. Misafirlerimin kendini özel hissetmesi benim için çok önemli. Buluşmalarımızda samimi sohbet, rahat bir ortam ve karşılıklı güven ön plandadır. Yoğun tempolu günlerinizden sonra dinlenmek ve keyifli vakit geçirmek istiyorsanız doğru adrestesiniz. Yıllardır bölgeyi iyi tanıyan biri olarak size Kuşadası'nın en güzel köşelerini de önerebilirim. İletişimde açık ve net olmayı tercih ederim; bu sayede her iki taraf da memnun ayrılır. Özenli görünümüm, pozitif enerjim ve güler yüzümle tanınırım. Sunduğum hizmetler arasında Eve gelir, Yabancı uyruklu, Partner ve Türkçe bilir bulunmaktadır. Ödeme olarak Kredi Kartı kabul ediyorum. Detaylar için mesaj atmanız yeterli. Sevgiler, Kader."
Elif2,28,"Kuşadası, Güvercinada",1500,05532 278 35 38,"Kripto, Kredi Kartı","24 saat, Yabancı uyruklu, Türkçe bilir, Otel gelir, Eve gelir",1,https://picsum.photos/id/912/400/600,"Selam! Ben Elif, Güvercinada çevresinde sıcakkanlı, enerjik ve özenli biriyim. Esnek çalışma saatlerim ve farklı ödeme seçeneklerimle size kolaylık sağlıyorum. Randevu öncesi kısa bir mesajla detayları netleştirmeniz yeterli. Kuşadası'nda güvenilir, sıcak ve profesyonel bir arkadaşlık arıyorsanız benimle iletişime geçebilirsiniz. Misafirlerimin kendini özel hissetmesi benim için çok önemli. Buluşmalarımızda samimi sohbet, rahat bir ortam ve karşılıklı güven ön plandadır. Yoğun tempolu günlerinizden sonra dinlenmek ve keyifli vakit geçirmek istiyorsanız doğru adrestesiniz. Yıllardır bölgeyi iyi tanıyan biri olarak size Kuşadası'nın en güzel köşelerini de önerebilirim. İletişimde açık ve net olmayı tercih ederim; bu sayede her iki taraf da memnun ayrılır. Özenli görünümüm, pozitif enerjim ve güler yüzümle tanınırım. Sunduğum hizmetler arasında 24 saat, Yabancı uyruklu, Türkçe bilir, Otel gelir ve Eve gelir bulunmaktadır. Ödeme olarak Kripto, Kredi Kartı kabul ediyorum. Görüşmek üzere, Elif."
Melis2,28,"Kuşadası, Hacıfeyzullah",3200,05532 486 69 13,"Kripto, Nakit, Kredi Kartı","Otel gelir, Türkçe bilir, Yabancı uyruklu",1,https://picsum.photos/id/1060/400/600,"Ben Melis. Hacıfeyzullah bölgesinde konforlu, saygılı ve keyifli bir buluşma atmosferi oluşturmayı seviyorum. Profesyonel yaklaşımım ve esnek programım sayesinde size en uygun saatte buluşma imkânı sunuyorum. Detayları önceden netleştirir, beklentilerinizi dinler ve buna göre plan yaparım. Samimi ama ölçülü bir ortamda, stresinizden uzaklaşmanıza yardımcı olacak bir deneyim yaşatmayı amaçlıyorum. Esnek çalışma saatlerim ve farklı ödeme seçeneklerimle size kolaylık sağlıyorum. Randevu öncesi kısa bir mesajla detayları netleştirmeniz yeterli. Kuşadası'nda güvenilir, sıcak ve profesyonel bir arkadaşlık arıyorsanız benimle iletişime geçebilirsiniz. Sunduğum hizmetler arasında Otel gelir, Türkçe bilir ve Yabancı uyruklu bulunmaktadır. Ödeme olarak Kripto, Nakit, Kredi Kartı kabul ediyorum. Detaylar için mesaj atmanız yeterli. Sevgiler, Melis."
Pınar4,30,"Kuşadası, Hacıfeyzullah",3950,05552 575 53 33,"Kredi Kartı, Kripto","24 saat, Yabancı uyruklu, Eve gelir, Masaj",0,https://picsum.photos/id/659/400/600,"Ben Pınar. Hacıfeyzullah bölgesinde konforlu, saygılı ve keyifli bir buluşma atmosferi oluşturmayı seviyorum. Misafirlerimin kendini özel hissetmesi benim için çok önemli. Buluşmalarımızda samimi sohbet, rahat bir ortam ve karşılıklı güven ön plandadır. Yoğun tempolu günlerinizden sonra dinlenmek ve keyifli vakit geçirmek istiyorsanız doğru adrestesiniz. Profesyonel yaklaşımım ve esnek programım sayesinde size en uygun saatte buluşma imkânı sunuyorum. Detayları önceden netleştirir, beklentilerinizi dinler ve buna göre plan yaparım. Samimi ama ölçülü bir ortamda, stresinizden uzaklaşmanıza yardımcı olacak bir deneyim yaşatmayı amaçlıyorum. Yıllardır bölgeyi iyi tanıyan biri olarak size Kuşadası'nın en güzel köşelerini de önerebilirim. İletişimde açık ve net olmayı tercih ederim; bu sayede her iki taraf da memnun ayrılır. Özenli görünümüm, pozitif enerjim ve güler yüzümle tanınırım. Sunduğum hizmetler arasında 24 saat, Yabancı uyruklu, Eve gelir ve Masaj bulunmaktadır. Ödeme olarak Kredi Kartı, Kripto kabul ediyorum. Görüşmek üzere, Pınar."
Zeynep3,25,"Kuşadası, Hacıfeyzullah",4200,05543 741 55 33,Kredi Kartı,"24 saat, Eve gelir, Partner, Türkçe bilir, Yabancı uyruklu",1,https://picsum.photos/id/702/400/600,"Selam! Ben Zeynep, Hacıfeyzullah çevresinde sıcakkanlı, enerjik ve özenli biriyim. Misafirlerimin kendini özel hissetmesi benim için çok önemli. Buluşmalarımızda samimi sohbet, rahat bir ortam ve karşılıklı güven ön plandadır. Yoğun tempolu günlerinizden sonra dinlenmek ve keyifli vakit geçirmek istiyorsanız doğru adrestesiniz. Esnek çalışma saatlerim ve farklı ödeme seçeneklerimle size kolaylık sağlıyorum. Randevu öncesi kısa bir mesajla detayları netleştirmeniz yeterli. Kuşadası'nda güvenilir, sıcak ve profesyonel bir arkadaşlık arıyorsanız benimle iletişime geçebilirsiniz. Sunduğum hizmetler arasında 24 saat, Eve gelir, Partner, Türkçe bilir ve Yabancı uyruklu bulunmaktadır. Ödeme olarak Kredi Kartı kabul ediyorum. Sizinle tanışmayı dört gözle bekliyorum — Zeynep. Misafirlerimin kendini özel hissetmesi benim için çok önemli. Buluşmalarımızda samimi sohbet, rahat bir ortam ve karşılıklı güven ön plandadır. Yoğun tempolu günlerinizden sonra dinlenmek ve keyifli vakit geçirmek istiyorsanız doğru adrestesiniz."
Umay2,24,"Kuşadası, Güzelçamlı",3700,05535 274 79 53,"Nakit, Kredi Kartı, Kripto","24 saat, Türkçe bilir, Otel gelir, Partner",1,https://picsum.photos/id/582/400/600,"Ben Umay. Güzelçamlı bölgesinde konforlu, saygılı ve keyifli bir buluşma atmosferi oluşturmayı seviyorum. Esnek çalışma saatlerim ve farklı ödeme seçeneklerimle size kolaylık sağlıyorum. Randevu öncesi kısa bir mesajla detayları netleştirmeniz yeterli. Kuşadası'nda güvenilir, sıcak ve profesyonel bir arkadaşlık arıyorsanız benimle iletişime geçebilirsiniz. Güleryüzlü tavrım ve iletişim becerilerimle kendinizi hemen rahat hissetmenizi sağlarım. Randevularımda hijyen, gizlilik ve karşılıklı saygı benim için her zaman önceliklidir. Kuşadası'nın canlı atmosferinde kaliteli zaman geçirmek isteyen misafirlerimle keyifli sohbetler eder, birlikte unutulmaz anılar biriktirmeyi hedeflerim. Sunduğum hizmetler arasında 24 saat, Türkçe bilir, Otel gelir ve Partner bulunmaktadır. Ödeme olarak Nakit, Kredi Kartı, Kripto kabul ediyorum. Sizinle tanışmayı dört gözle bekliyorum — Umay."
Aylin,23,"Kuşadası, Camiatik",2900,05553 136 87 94,Kredi Kartı,"Türkçe bilir, 24 saat, Masaj, Otel gelir, Yabancı uyruklu",0,https://picsum.photos/id/659/400/600,"Selam! Ben Aylin, Camiatik çevresinde sıcakkanlı, enerjik ve özenli biriyim. Yıllardır bölgeyi iyi tanıyan biri olarak size Kuşadası'nın en güzel köşelerini de önerebilirim. İletişimde açık ve net olmayı tercih ederim; bu sayede her iki taraf da memnun ayrılır. Özenli görünümüm, pozitif enerjim ve güler yüzümle tanınırım. Misafirlerimin kendini özel hissetmesi benim için çok önemli. Buluşmalarımızda samimi sohbet, rahat bir ortam ve karşılıklı güven ön plandadır. Yoğun tempolu günlerinizden sonra dinlenmek ve keyifli vakit geçirmek istiyorsanız doğru adrestesiniz. Sunduğum hizmetler arasında Türkçe bilir, 24 saat, Masaj, Otel gelir ve Yabancı uyruklu bulunmaktadır. Ödeme olarak Kredi Kartı kabul ediyorum. Detaylar için mesaj atmanız yeterli. Sevgiler, Aylin."
Yasemin,21,"Kuşadası, Camiatik",3300,05535 638 33 38,Kredi Kartı,"Otel gelir, Eve gelir, 24 saat, Türkçe bilir, Yabancı uyruklu",0,https://picsum.photos/id/548/400/600,"Selam! Ben Yasemin, Camiatik çevresinde sıcakkanlı, enerjik ve özenli biriyim. Profesyonel yaklaşımım ve esnek programım sayesinde size en uygun saatte buluşma imkânı sunuyorum. Detayları önceden netleştirir, beklentilerinizi dinler ve buna göre plan yaparım. Samimi ama ölçülü bir ortamda, stresinizden uzaklaşmanıza yardımcı olacak bir deneyim yaşatmayı amaçlıyorum. Esnek çalışma saatlerim ve farklı ödeme seçeneklerimle size kolaylık sağlıyorum. Randevu öncesi kısa bir mesajla detayları netleştirmeniz yeterli. Kuşadası'nda güvenilir, sıcak ve profesyonel bir arkadaşlık arıyorsanız benimle iletişime geçebilirsiniz. Misafirlerimin kendini özel hissetmesi benim için çok önemli. Buluşmalarımızda samimi sohbet, rahat bir ortam ve karşılıklı güven ön plandadır. Yoğun tempolu günlerinizden sonra dinlenmek ve keyifli vakit geçirmek istiyorsanız doğru adrestesiniz. Sunduğum hizmetler arasında Otel gelir, Eve gelir, 24 saat, Türkçe bilir ve Yabancı uyruklu bulunmaktadır. Ödeme olarak Kredi Kartı kabul ediyorum. Sizinle tanışmayı dört gözle bekliyorum — Yasemin."
Ceyda2,20,"Kuşadası, Merkez",3350,05539 508 54 83,"Nakit, Kripto","Eve gelir, Masaj, 24 saat, Partner, Yabancı uyruklu",0,https://picsum.photos/id/978/400/600,"Merhaba, ben Ceyda. Kuşadası'nın Merkez bölgesinde samimi ve güvenilir bir arkadaşlık deneyimi sunuyorum. Profesyonel yaklaşımım ve esnek programım sayesinde size en uygun saatte buluşma imkânı sunuyorum. Detayları önceden netleştirir, beklentilerinizi dinler ve buna göre plan yaparım. Samimi ama ölçülü bir ortamda, stresinizden uzaklaşmanıza yardımcı olacak bir deneyim yaşatmayı amaçlıyorum. Misafirlerimin kendini özel hissetmesi benim için çok önemli. Buluşmalarımızda samimi sohbet, rahat bir ortam ve karşılıklı güven ön plandadır. Yoğun tempolu günlerinizden sonra dinlenmek ve keyifli vakit geçirmek istiyorsanız doğru adrestesiniz. Güleryüzlü tavrım ve iletişim becerilerimle kendinizi hemen rahat hissetmenizi sağlarım. Randevularımda hijyen, gizlilik ve karşılıklı saygı benim için her zaman önceliklidir. Kuşadası'nın canlı atmosferinde kaliteli zaman geçirmek isteyen misafirlerimle keyifli sohbetler eder, birlikte unutulmaz anılar biriktirmeyi hedeflerim. Sunduğum hizmetler arasında Eve gelir, Masaj, 24 saat, Partner ve Yabancı uyruklu bulunmaktadır. Ödeme olarak Nakit, Kripto kabul ediyorum. Görüşmek üzere, Ceyda."
Yasemin2,26,"Kuşadası, Güvercinada",3550,05554 524 94 53,Nakit,"Eve gelir, Masaj, Türkçe bilir, Otel gelir, Partner",0,https://picsum.photos/id/1035/400/600,"Ben Yasemin. Güvercinada bölgesinde konforlu, saygılı ve keyifli bir buluşma atmosferi oluşturmayı seviyorum. Güleryüzlü tavrım ve iletişim becerilerimle kendinizi hemen rahat hissetmenizi sağlarım. Randevularımda hijyen, gizlilik ve karşılıklı saygı benim için her zaman önceliklidir. Kuşadası'nın canlı atmosferinde kaliteli zaman geçirmek isteyen misafirlerimle keyifli sohbetler eder, birlikte unutulmaz anılar biriktirmeyi hedeflerim. Yıllardır bölgeyi iyi tanıyan biri olarak size Kuşadası'nın en güzel köşelerini de önerebilirim. İletişimde açık ve net olmayı tercih ederim; bu sayede her iki taraf da memnun ayrılır. Özenli görünümüm, pozitif enerjim ve güler yüzümle tanınırım. Sunduğum hizmetler arasında Eve gelir, Masaj, Türkçe bilir, Otel gelir ve Partner bulunmaktadır. Ödeme olarak Nakit kabul ediyorum. Sizinle tanışmayı dört gözle bekliyorum — Yasemin."
Jale3,34,"Kuşadası, Hacıfeyzullah",3200,05538 979 64 94,Nakit,"Eve gelir, Otel gelir, 24 saat",0,https://picsum.photos/id/611/400/600,"Selam! Ben Jale, Hacıfeyzullah çevresinde sıcakkanlı, enerjik ve özenli biriyim. Misafirlerimin kendini özel hissetmesi benim için çok önemli. Buluşmalarımızda samimi sohbet, rahat bir ortam ve karşılıklı güven ön plandadır. Yoğun tempolu günlerinizden sonra dinlenmek ve keyifli vakit geçirmek istiyorsanız doğru adrestesiniz. Profesyonel yaklaşımım ve esnek programım sayesinde size en uygun saatte buluşma imkânı sunuyorum. Detayları önceden netleştirir, beklentilerinizi dinler ve buna göre plan yaparım. Samimi ama ölçülü bir ortamda, stresinizden uzaklaşmanıza yardımcı olacak bir deneyim yaşatmayı amaçlıyorum. Esnek çalışma saatlerim ve farklı ödeme seçeneklerimle size kolaylık sağlıyorum. Randevu öncesi kısa bir mesajla detayları netleştirmeniz yeterli. Kuşadası'nda güvenilir, sıcak ve profesyonel bir arkadaşlık arıyorsanız benimle iletişime geçebilirsiniz. Sunduğum hizmetler arasında Eve gelir, Otel gelir ve 24 saat bulunmaktadır. Ödeme olarak Nakit kabul ediyorum. Görüşmek üzere, Jale."
Kader2,22,"Kuşadası, Hacıfeyzullah",3450,05553 594 90 51,Nakit,"Partner, Masaj, 24 saat, Yabancı uyruklu",0,https://picsum.photos/id/995/400/600,"Merhaba, ben Kader. Kuşadası'nın Hacıfeyzullah bölgesinde samimi ve güvenilir bir arkadaşlık deneyimi sunuyorum. Esnek çalışma saatlerim ve farklı ödeme seçeneklerimle size kolaylık sağlıyorum. Randevu öncesi kısa bir mesajla detayları netleştirmeniz yeterli. Kuşadası'nda güvenilir, sıcak ve profesyonel bir arkadaşlık arıyorsanız benimle iletişime geçebilirsiniz. Misafirlerimin kendini özel hissetmesi benim için çok önemli. Buluşmalarımızda samimi sohbet, rahat bir ortam ve karşılıklı güven ön plandadır. Yoğun tempolu günlerinizden sonra dinlenmek ve keyifli vakit geçirmek istiyorsanız doğru adrestesiniz. Yıllardır bölgeyi iyi tanıyan biri olarak size Kuşadası'nın en güzel köşelerini de önerebilirim. İletişimde açık ve net olmayı tercih ederim; bu sayede her iki taraf da memnun ayrılır. Özenli görünümüm, pozitif enerjim ve güler yüzümle tanınırım. Sunduğum hizmetler arasında Partner, Masaj, 24 saat ve Yabancı uyruklu bulunmaktadır. Ödeme olarak Nakit kabul ediyorum. Detaylar için mesaj atmanız yeterli. Sevgiler, Kader."
Elif3,23,"Kuşadası, Güvercinada",4000,05538 559 99 47,Kripto,"24 saat, Otel gelir, Yabancı uyruklu",0,https://picsum.photos/id/702/400/600,"Selam! Ben Elif, Güvercinada çevresinde sıcakkanlı, enerjik ve özenli biriyim. Misafirlerimin kendini özel hissetmesi benim için çok önemli. Buluşmalarımızda samimi sohbet, rahat bir ortam ve karşılıklı güven ön plandadır. Yoğun tempolu günlerinizden sonra dinlenmek ve keyifli vakit geçirmek istiyorsanız doğru adrestesiniz. Yıllardır bölgeyi iyi tanıyan biri olarak size Kuşadası'nın en güzel köşelerini de önerebilirim. İletişimde açık ve net olmayı tercih ederim; bu sayede her iki taraf da memnun ayrılır. Özenli görünümüm, pozitif enerjim ve güler yüzümle tanınırım. Profesyonel yaklaşımım ve esnek programım sayesinde size en uygun saatte buluşma imkânı sunuyorum. Detayları önceden netleştirir, beklentilerinizi dinler ve buna göre plan yaparım. Samimi ama ölçülü bir ortamda, stresinizden uzaklaşmanıza yardımcı olacak bir deneyim yaşatmayı amaçlıyorum. Sunduğum hizmetler arasında 24 saat, Otel gelir ve Yabancı uyruklu bulunmaktadır. Ödeme olarak Kripto kabul ediyorum. Detaylar için mesaj atmanız yeterli. Sevgiler, Elif."
Elif4,24,"Kuşadası, Hacıfeyzullah",2550,05546 895 79 30,"Kripto, Nakit","24 saat, Yabancı uyruklu",0,https://picsum.photos/id/65/400/600,"Ben Elif. Hacıfeyzullah bölgesinde konforlu, saygılı ve keyifli bir buluşma atmosferi oluşturmayı seviyorum. Güleryüzlü tavrım ve iletişim becerilerimle kendinizi hemen rahat hissetmenizi sağlarım. Randevularımda hijyen, gizlilik ve karşılıklı saygı benim için her zaman önceliklidir. Kuşadası'nın canlı atmosferinde kaliteli zaman geçirmek isteyen misafirlerimle keyifli sohbetler eder, birlikte unutulmaz anılar biriktirmeyi hedeflerim. Profesyonel yaklaşımım ve esnek programım sayesinde size en uygun saatte buluşma imkânı sunuyorum. Detayları önceden netleştirir, beklentilerinizi dinler ve buna göre plan yaparım. Samimi ama ölçülü bir ortamda, stresinizden uzaklaşmanıza yardımcı olacak bir deneyim yaşatmayı amaçlıyorum. Sunduğum hizmetler arasında 24 saat ve Yabancı uyruklu bulunmaktadır. Ödeme olarak Kripto, Nakit kabul ediyorum. Görüşmek üzere, Elif."
Özge3,31,"Kuşadası, Türkmen",4450,05539 969 71 67,"Kredi Kartı, Kripto, Nakit","Otel gelir, Türkçe bilir, Eve gelir, Yabancı uyruklu, Partner",0,https://picsum.photos/id/836/400/600,"Merhaba, ben Özge. Kuşadası'nın Türkmen bölgesinde samimi ve güvenilir bir arkadaşlık deneyimi sunuyorum. Yıllardır bölgeyi iyi tanıyan biri olarak size Kuşadası'nın en güzel köşelerini de önerebilirim. İletişimde açık ve net olmayı tercih ederim; bu sayede her iki taraf da memnun ayrılır. Özenli görünümüm, pozitif enerjim ve güler yüzümle tanınırım. Esnek çalışma saatlerim ve farklı ödeme seçeneklerimle size kolaylık sağlıyorum. Randevu öncesi kısa bir mesajla detayları netleştirmeniz yeterli. Kuşadası'nda güvenilir, sıcak ve profesyonel bir arkadaşlık arıyorsanız benimle iletişime geçebilirsiniz. Profesyonel yaklaşımım ve esnek programım sayesinde size en uygun saatte buluşma imkânı sunuyorum. Detayları önceden netleştirir, beklentilerinizi dinler ve buna göre plan yaparım. Samimi ama ölçülü bir ortamda, stresinizden uzaklaşmanıza yardımcı olacak bir deneyim yaşatmayı amaçlıyorum. Sunduğum hizmetler arasında Otel gelir, Türkçe bilir, Eve gelir, Yabancı uyruklu ve Partner bulunmaktadır. Ödeme olarak Kredi Kartı, Kripto, Nakit kabul ediyorum. Detaylar için mesaj atmanız yeterli. Sevgiler, Özge."
Lale,30,"Kuşadası, Kadınlar Denizi",3150,05535 405 27 34,"Kredi Kartı, Kripto","Yabancı uyruklu, Otel gelir",0,https://picsum.photos/id/548/400/600,"Merhaba, ben Lale. Kuşadası'nın Kadınlar Denizi bölgesinde samimi ve güvenilir bir arkadaşlık deneyimi sunuyorum. Yıllardır bölgeyi iyi tanıyan biri olarak size Kuşadası'nın en güzel köşelerini de önerebilirim. İletişimde açık ve net olmayı tercih ederim; bu sayede her iki taraf da memnun ayrılır. Özenli görünümüm, pozitif enerjim ve güler yüzümle tanınırım. Güleryüzlü tavrım ve iletişim becerilerimle kendinizi hemen rahat hissetmenizi sağlarım. Randevularımda hijyen, gizlilik ve karşılıklı saygı benim için her zaman önceliklidir. Kuşadası'nın canlı atmosferinde kaliteli zaman geçirmek isteyen misafirlerimle keyifli sohbetler eder, birlikte unutulmaz anılar biriktirmeyi hedeflerim. Sunduğum hizmetler arasında Yabancı uyruklu ve Otel gelir bulunmaktadır. Ödeme olarak Kredi Kartı, Kripto kabul ediyorum. Sizinle tanışmayı dört gözle bekliyorum — Lale."
Nazlı4,24,"Kuşadası, Kadınlar Denizi",3800,05544 386 24 84,Kredi Kartı,"Partner, Masaj, Türkçe bilir, Otel gelir",0,https://picsum.photos/id/725/400/600,"Merhaba, ben Nazlı. Kuşadası'nın Kadınlar Denizi bölgesinde samimi ve güvenilir bir arkadaşlık deneyimi sunuyorum. Misafirlerimin kendini özel hissetmesi benim için çok önemli. Buluşmalarımızda samimi sohbet, rahat bir ortam ve karşılıklı güven ön plandadır. Yoğun tempolu günlerinizden sonra dinlenmek ve keyifli vakit geçirmek istiyorsanız doğru adrestesiniz. Güleryüzlü tavrım ve iletişim becerilerimle kendinizi hemen rahat hissetmenizi sağlarım. Randevularımda hijyen, gizlilik ve karşılıklı saygı benim için her zaman önceliklidir. Kuşadası'nın canlı atmosferinde kaliteli zaman geçirmek isteyen misafirlerimle keyifli sohbetler eder, birlikte unutulmaz anılar biriktirmeyi hedeflerim. Sunduğum hizmetler arasında Partner, Masaj, Türkçe bilir ve Otel gelir bulunmaktadır. Ödeme olarak Kredi Kartı kabul ediyorum. Görüşmek üzere, Nazlı."
Pınar5,26,"Kuşadası, Kadınlar Denizi",4350,05539 178 59 88,Kredi Kartı,"Masaj, Partner, Yabancı uyruklu, Eve gelir, Otel gelir",0,https://picsum.photos/id/433/400/600,"Selam! Ben Pınar, Kadınlar Denizi çevresinde sıcakkanlı, enerjik ve özenli biriyim. Profesyonel yaklaşımım ve esnek programım sayesinde size en uygun saatte buluşma imkânı sunuyorum. Detayları önceden netleştirir, beklentilerinizi dinler ve buna göre plan yaparım. Samimi ama ölçülü bir ortamda, stresinizden uzaklaşmanıza yardımcı olacak bir deneyim yaşatmayı amaçlıyorum. Yıllardır bölgeyi iyi tanıyan biri olarak size Kuşadası'nın en güzel köşelerini de önerebilirim. İletişimde açık ve net olmayı tercih ederim; bu sayede her iki taraf da memnun ayrılır. Özenli görünümüm, pozitif enerjim ve güler yüzümle tanınırım. Güleryüzlü tavrım ve iletişim becerilerimle kendinizi hemen rahat hissetmenizi sağlarım. Randevularımda hijyen, gizlilik ve karşılıklı saygı benim için her zaman önceliklidir. Kuşadası'nın canlı atmosferinde kaliteli zaman geçirmek isteyen misafirlerimle keyifli sohbetler eder, birlikte unutulmaz anılar biriktirmeyi hedeflerim. Sunduğum hizmetler arasında Masaj, Partner, Yabancı uyruklu, Eve gelir ve Otel gelir bulunmaktadır. Ödeme olarak Kredi Kartı kabul ediyorum. Görüşmek üzere, Pınar."
Kader3,33,"Kuşadası, Güvercinada",4850,05553 936 67 87,"Kredi Kartı, Kripto","Yabancı uyruklu, 24 saat, Türkçe bilir",0,https://picsum.photos/id/177/400/600,"Selam! Ben Kader, Güvercinada çevresinde sıcakkanlı, enerjik ve özenli biriyim. Esnek çalışma saatlerim ve farklı ödeme seçeneklerimle size kolaylık sağlıyorum. Randevu öncesi kısa bir mesajla detayları netleştirmeniz yeterli. Kuşadası'nda güvenilir, sıcak ve profesyonel bir arkadaşlık arıyorsanız benimle iletişime geçebilirsiniz. Profesyonel yaklaşımım ve esnek programım sayesinde size en uygun saatte buluşma imkânı sunuyorum. Detayları önceden netleştirir, beklentilerinizi dinler ve buna göre plan yaparım. Samimi ama ölçülü bir ortamda, stresinizden uzaklaşmanıza yardımcı olacak bir deneyim yaşatmayı amaçlıyorum. Sunduğum hizmetler arasında Yabancı uyruklu, 24 saat ve Türkçe bilir bulunmaktadır. Ödeme olarak Kredi Kartı, Kripto kabul ediyorum. Detaylar için mesaj atmanız yeterli. Sevgiler, Kader."
Ceyda3,31,"Kuşadası, Kadınlar Denizi",2900,05544 258 26 34,"Nakit, Kripto, Kredi Kartı","Otel gelir, Eve gelir, Partner",1,https://picsum.photos/id/702/400/600,"Merhaba, ben Ceyda. Kuşadası'nın Kadınlar Denizi bölgesinde samimi ve güvenilir bir arkadaşlık deneyimi sunuyorum. Yıllardır bölgeyi iyi tanıyan biri olarak size Kuşadası'nın en güzel köşelerini de önerebilirim. İletişimde açık ve net olmayı tercih ederim; bu sayede her iki taraf da memnun ayrılır. Özenli görünümüm, pozitif enerjim ve güler yüzümle tanınırım. Güleryüzlü tavrım ve iletişim becerilerimle kendinizi hemen rahat hissetmenizi sağlarım. Randevularımda hijyen, gizlilik ve karşılıklı saygı benim için her zaman önceliklidir. Kuşadası'nın canlı atmosferinde kaliteli zaman geçirmek isteyen misafirlerimle keyifli sohbetler eder, birlikte unutulmaz anılar biriktirmeyi hedeflerim. Misafirlerimin kendini özel hissetmesi benim için çok önemli. Buluşmalarımızda samimi sohbet, rahat bir ortam ve karşılıklı güven ön plandadır. Yoğun tempolu günlerinizden sonra dinlenmek ve keyifli vakit geçirmek istiyorsanız doğru adrestesiniz. Sunduğum hizmetler arasında Otel gelir, Eve gelir ve Partner bulunmaktadır. Ödeme olarak Nakit, Kripto, Kredi Kartı kabul ediyorum. Sizinle tanışmayı dört gözle bekliyorum — Ceyda."
Derya3,25,"Kuşadası, Cumhuriyet",1100,05537 836 87 55,Nakit,"Masaj, Türkçe bilir, Eve gelir, Otel gelir",0,https://picsum.photos/id/611/400/600,"Merhaba, ben Derya. Kuşadası'nın Cumhuriyet bölgesinde samimi ve güvenilir bir arkadaşlık deneyimi sunuyorum. Yıllardır bölgeyi iyi tanıyan biri olarak size Kuşadası'nın en güzel köşelerini de önerebilirim. İletişimde açık ve net olmayı tercih ederim; bu sayede her iki taraf da memnun ayrılır. Özenli görünümüm, pozitif enerjim ve güler yüzümle tanınırım. Güleryüzlü tavrım ve iletişim becerilerimle kendinizi hemen rahat hissetmenizi sağlarım. Randevularımda hijyen, gizlilik ve karşılıklı saygı benim için her zaman önceliklidir. Kuşadası'nın canlı atmosferinde kaliteli zaman geçirmek isteyen misafirlerimle keyifli sohbetler eder, birlikte unutulmaz anılar biriktirmeyi hedeflerim. Sunduğum hizmetler arasında Masaj, Türkçe bilir, Eve gelir ve Otel gelir bulunmaktadır. Ödeme olarak Nakit kabul ediyorum. Detaylar için mesaj atmanız yeterli. Sevgiler, Derya."
Aylin2,35,"Kuşadası, Davutlar",2850,05555 461 74 22,Kripto,"24 saat, Yabancı uyruklu, Eve gelir, Masaj",0,https://picsum.photos/id/702/400/600,"Selam! Ben Aylin, Davutlar çevresinde sıcakkanlı, enerjik ve özenli biriyim. Esnek çalışma saatlerim ve farklı ödeme seçeneklerimle size kolaylık sağlıyorum. Randevu öncesi kısa bir mesajla detayları netleştirmeniz yeterli. Kuşadası'nda güvenilir, sıcak ve profesyonel bir arkadaşlık arıyorsanız benimle iletişime geçebilirsiniz. Profesyonel yaklaşımım ve esnek programım sayesinde size en uygun saatte buluşma imkânı sunuyorum. Detayları önceden netleştirir, beklentilerinizi dinler ve buna göre plan yaparım. Samimi ama ölçülü bir ortamda, stresinizden uzaklaşmanıza yardımcı olacak bir deneyim yaşatmayı amaçlıyorum. Yıllardır bölgeyi iyi tanıyan biri olarak size Kuşadası'nın en güzel köşelerini de önerebilirim. İletişimde açık ve net olmayı tercih ederim; bu sayede her iki taraf da memnun ayrılır. Özenli görünümüm, pozitif enerjim ve güler yüzümle tanınırım. Sunduğum hizmetler arasında 24 saat, Yabancı uyruklu, Eve gelir ve Masaj bulunmaktadır. Ödeme olarak Kripto kabul ediyorum. Detaylar için mesaj atmanız yeterli. Sevgiler, Aylin."
Nazlı5,26,"Kuşadası, Güvercinada",4100,05542 633 44 79,Nakit,"24 saat, Türkçe bilir, Eve gelir, Partner, Otel gelir",0,https://picsum.photos/id/399/400/600,"Ben Nazlı. Güvercinada bölgesinde konforlu, saygılı ve keyifli bir buluşma atmosferi oluşturmayı seviyorum. Yıllardır bölgeyi iyi tanıyan biri olarak size Kuşadası'nın en güzel köşelerini de önerebilirim. İletişimde açık ve net olmayı tercih ederim; bu sayede her iki taraf da memnun ayrılır. Özenli görünümüm, pozitif enerjim ve güler yüzümle tanınırım. Misafirlerimin kendini özel hissetmesi benim için çok önemli. Buluşmalarımızda samimi sohbet, rahat bir ortam ve karşılıklı güven ön plandadır. Yoğun tempolu günlerinizden sonra dinlenmek ve keyifli vakit geçirmek istiyorsanız doğru adrestesiniz. Esnek çalışma saatlerim ve farklı ödeme seçeneklerimle size kolaylık sağlıyorum. Randevu öncesi kısa bir mesajla detayları netleştirmeniz yeterli. Kuşadası'nda güvenilir, sıcak ve profesyonel bir arkadaşlık arıyorsanız benimle iletişime geçebilirsiniz. Sunduğum hizmetler arasında 24 saat, Türkçe bilir, Eve gelir, Partner ve Otel gelir bulunmaktadır. Ödeme olarak Nakit kabul ediyorum. Sizinle tanışmayı dört gözle bekliyorum — Nazlı."
Tuğçe,28,"Kuşadası, Karaova",4850,05546 858 79 55,"Kripto, Nakit, Kredi Kartı","Eve gelir, Partner, Otel gelir",0,https://picsum.photos/id/548/400/600,"Selam! Ben Tuğçe, Karaova çevresinde sıcakkanlı, enerjik ve özenli biriyim. Misafirlerimin kendini özel hissetmesi benim için çok önemli. Buluşmalarımızda samimi sohbet, rahat bir ortam ve karşılıklı güven ön plandadır. Yoğun tempolu günlerinizden sonra dinlenmek ve keyifli vakit geçirmek istiyorsanız doğru adrestesiniz. Profesyonel yaklaşımım ve esnek programım sayesinde size en uygun saatte buluşma imkânı sunuyorum. Detayları önceden netleştirir, beklentilerinizi dinler ve buna göre plan yaparım. Samimi ama ölçülü bir ortamda, stresinizden uzaklaşmanıza yardımcı olacak bir deneyim yaşatmayı amaçlıyorum. Güleryüzlü tavrım ve iletişim becerilerimle kendinizi hemen rahat hissetmenizi sağlarım. Randevularımda hijyen, gizlilik ve karşılıklı saygı benim için her zaman önceliklidir. Kuşadası'nın canlı atmosferinde kaliteli zaman geçirmek isteyen misafirlerimle keyifli sohbetler eder, birlikte unutulmaz anılar biriktirmeyi hedeflerim. Sunduğum hizmetler arasında Eve gelir, Partner ve Otel gelir bulunmaktadır. Ödeme olarak Kripto, Nakit, Kredi Kartı kabul ediyorum. Sizinle tanışmayı dört gözle bekliyorum — Tuğçe."
Umay3,27,"Kuşadası, Güzelçamlı",3200,05539 422 90 34,"Nakit, Kripto","Partner, 24 saat, Yabancı uyruklu, Eve gelir",0,https://picsum.photos/id/702/400/600,"Selam! Ben Umay, Güzelçamlı çevresinde sıcakkanlı, enerjik ve özenli biriyim. Güleryüzlü tavrım ve iletişim becerilerimle kendinizi hemen rahat hissetmenizi sağlarım. Randevularımda hijyen, gizlilik ve karşılıklı saygı benim için her zaman önceliklidir. Kuşadası'nın canlı atmosferinde kaliteli zaman geçirmek isteyen misafirlerimle keyifli sohbetler eder, birlikte unutulmaz anılar biriktirmeyi hedeflerim. Yıllardır bölgeyi iyi tanıyan biri olarak size Kuşadası'nın en güzel köşelerini de önerebilirim. İletişimde açık ve net olmayı tercih ederim; bu sayede her iki taraf da memnun ayrılır. Özenli görünümüm, pozitif enerjim ve güler yüzümle tanınırım. Esnek çalışma saatlerim ve farklı ödeme seçeneklerimle size kolaylık sağlıyorum. Randevu öncesi kısa bir mesajla detayları netleştirmeniz yeterli. Kuşadası'nda güvenilir, sıcak ve profesyonel bir arkadaşlık arıyorsanız benimle iletişime geçebilirsiniz. Sunduğum hizmetler arasında Partner, 24 saat, Yabancı uyruklu ve Eve gelir bulunmaktadır. Ödeme olarak Nakit, Kripto kabul ediyorum. Detaylar için mesaj atmanız yeterli. Sevgiler, Umay."
Melis3,27,"Kuşadası, Merkez",1550,05535 187 11 51,"Kredi Kartı, Nakit, Kripto","24 saat, Masaj, Eve gelir",0,https://picsum.photos/id/582/400/600,"Selam! Ben Melis, Merkez çevresinde sıcakkanlı, enerjik ve özenli biriyim. Profesyonel yaklaşımım ve esnek programım sayesinde size en uygun saatte buluşma imkânı sunuyorum. Detayları önceden netleştirir, beklentilerinizi dinler ve buna göre plan yaparım. Samimi ama ölçülü bir ortamda, stresinizden uzaklaşmanıza yardımcı olacak bir deneyim yaşatmayı amaçlıyorum. Güleryüzlü tavrım ve iletişim becerilerimle kendinizi hemen rahat hissetmenizi sağlarım. Randevularımda hijyen, gizlilik ve karşılıklı saygı benim için her zaman önceliklidir. Kuşadası'nın canlı atmosferinde kaliteli zaman geçirmek isteyen misafirlerimle keyifli sohbetler eder, birlikte unutulmaz anılar biriktirmeyi hedeflerim. Yıllardır bölgeyi iyi tanıyan biri olarak size Kuşadası'nın en güzel köşelerini de önerebilirim. İletişimde açık ve net olmayı tercih ederim; bu sayede her iki taraf da memnun ayrılır. Özenli görünümüm, pozitif enerjim ve güler yüzümle tanınırım. Sunduğum hizmetler arasında 24 saat, Masaj ve Eve gelir bulunmaktadır. Ödeme olarak Kredi Kartı, Nakit, Kripto kabul ediyorum. Görüşmek üzere, Melis."
Derya4,23,"Kuşadası, Yavansu",2450,05538 724 86 46,Kripto,"Partner, Türkçe bilir",0,https://picsum.photos/id/65/400/600,"Merhaba, ben Derya. Kuşadası'nın Yavansu bölgesinde samimi ve güvenilir bir arkadaşlık deneyimi sunuyorum. Esnek çalışma saatlerim ve farklı ödeme seçeneklerimle size kolaylık sağlıyorum. Randevu öncesi kısa bir mesajla detayları netleştirmeniz yeterli. Kuşadası'nda güvenilir, sıcak ve profesyonel bir arkadaşlık arıyorsanız benimle iletişime geçebilirsiniz. Profesyonel yaklaşımım ve esnek programım sayesinde size en uygun saatte buluşma imkânı sunuyorum. Detayları önceden netleştirir, beklentilerinizi dinler ve buna göre plan yaparım. Samimi ama ölçülü bir ortamda, stresinizden uzaklaşmanıza yardımcı olacak bir deneyim yaşatmayı amaçlıyorum. Sunduğum hizmetler arasında Partner ve Türkçe bilir bulunmaktadır. Ödeme olarak Kripto kabul ediyorum. Görüşmek üzere, Derya. Yıllardır bölgeyi iyi tanıyan biri olarak size Kuşadası'nın en güzel köşelerini de önerebilirim. İletişimde açık ve net olmayı tercih ederim; bu sayede her iki taraf da memnun ayrılır. Özenli görünümüm, pozitif enerjim ve güler yüzümle tanınırım."
Aylin3,22,"Kuşadası, Merkez",1550,05538 315 32 65,"Kredi Kartı, Kripto, Nakit","Türkçe bilir, Masaj, Otel gelir",1,https://picsum.photos/id/1025/400/600,"Merhaba, ben Aylin. Kuşadası'nın Merkez bölgesinde samimi ve güvenilir bir arkadaşlık deneyimi sunuyorum. Yıllardır bölgeyi iyi tanıyan biri olarak size Kuşadası'nın en güzel köşelerini de önerebilirim. İletişimde açık ve net olmayı tercih ederim; bu sayede her iki taraf da memnun ayrılır. Özenli görünümüm, pozitif enerjim ve güler yüzümle tanınırım. Güleryüzlü tavrım ve iletişim becerilerimle kendinizi hemen rahat hissetmenizi sağlarım. Randevularımda hijyen, gizlilik ve karşılıklı saygı benim için her zaman önceliklidir. Kuşadası'nın canlı atmosferinde kaliteli zaman geçirmek isteyen misafirlerimle keyifli sohbetler eder, birlikte unutulmaz anılar biriktirmeyi hedeflerim. Esnek çalışma saatlerim ve farklı ödeme seçeneklerimle size kolaylık sağlıyorum. Randevu öncesi kısa bir mesajla detayları netleştirmeniz yeterli. Kuşadası'nda güvenilir, sıcak ve profesyonel bir arkadaşlık arıyorsanız benimle iletişime geçebilirsiniz. Sunduğum hizmetler arasında Türkçe bilir, Masaj ve Otel gelir bulunmaktadır. Ödeme olarak Kredi Kartı, Kripto, Nakit kabul ediyorum. Detaylar için mesaj atmanız yeterli. Sevgiler, Aylin."
Tuğçe2,27,"Kuşadası, Camiatik",2750,05554 864 87 23,"Kripto, Nakit","Otel gelir, Yabancı uyruklu, 24 saat, Türkçe bilir",0,https://picsum.photos/id/836/400/600,"Ben Tuğçe. Camiatik bölgesinde konforlu, saygılı ve keyifli bir buluşma atmosferi oluşturmayı seviyorum. Esnek çalışma saatlerim ve farklı ödeme seçeneklerimle size kolaylık sağlıyorum. Randevu öncesi kısa bir mesajla detayları netleştirmeniz yeterli. Kuşadası'nda güvenilir, sıcak ve profesyonel bir arkadaşlık arıyorsanız benimle iletişime geçebilirsiniz. Profesyonel yaklaşımım ve esnek programım sayesinde size en uygun saatte buluşma imkânı sunuyorum. Detayları önceden netleştirir, beklentilerinizi dinler ve buna göre plan yaparım. Samimi ama ölçülü bir ortamda, stresinizden uzaklaşmanıza yardımcı olacak bir deneyim yaşatmayı amaçlıyorum. Sunduğum hizmetler arasında Otel gelir, Yabancı uyruklu, 24 saat ve Türkçe bilir bulunmaktadır. Ödeme olarak Kripto, Nakit kabul ediyorum. Detaylar için mesaj atmanız yeterli. Sevgiler, Tuğçe."
Umay4,31,"Kuşadası, Camiatik",1200,05554 432 35 24,Kredi Kartı,"Partner, Eve gelir, Otel gelir, Yabancı uyruklu, Masaj",1,https://picsum.photos/id/399/400/600,"Ben Umay. Camiatik bölgesinde konforlu, saygılı ve keyifli bir buluşma atmosferi oluşturmayı seviyorum. Esnek çalışma saatlerim ve farklı ödeme seçeneklerimle size kolaylık sağlıyorum. Randevu öncesi kısa bir mesajla detayları netleştirmeniz yeterli. Kuşadası'nda güvenilir, sıcak ve profesyonel bir arkadaşlık arıyorsanız benimle iletişime geçebilirsiniz. Güleryüzlü tavrım ve iletişim becerilerimle kendinizi hemen rahat hissetmenizi sağlarım. Randevularımda hijyen, gizlilik ve karşılıklı saygı benim için her zaman önceliklidir. Kuşadası'nın canlı atmosferinde kaliteli zaman geçirmek isteyen misafirlerimle keyifli sohbetler eder, birlikte unutulmaz anılar biriktirmeyi hedeflerim. Profesyonel yaklaşımım ve esnek programım sayesinde size en uygun saatte buluşma imkânı sunuyorum. Detayları önceden netleştirir, beklentilerinizi dinler ve buna göre plan yaparım. Samimi ama ölçülü bir ortamda, stresinizden uzaklaşmanıza yardımcı olacak bir deneyim yaşatmayı amaçlıyorum. Sunduğum hizmetler arasında Partner, Eve gelir, Otel gelir, Yabancı uyruklu ve Masaj bulunmaktadır. Ödeme olarak Kredi Kartı kabul ediyorum. Detaylar için mesaj atmanız yeterli. Sevgiler, Umay."
Pınar6,35,"Kuşadası, Güvercinada",2400,05532 264 37 52,Nakit,"24 saat, Yabancı uyruklu, Masaj, Türkçe bilir, Partner",0,https://picsum.photos/id/1025/400/600,"Selam! Ben Pınar, Güvercinada çevresinde sıcakkanlı, enerjik ve özenli biriyim. Yıllardır bölgeyi iyi tanıyan biri olarak size Kuşadası'nın en güzel köşelerini de önerebilirim. İletişimde açık ve net olmayı tercih ederim; bu sayede her iki taraf da memnun ayrılır. Özenli görünümüm, pozitif enerjim ve güler yüzümle tanınırım. Misafirlerimin kendini özel hissetmesi benim için çok önemli. Buluşmalarımızda samimi sohbet, rahat bir ortam ve karşılıklı güven ön plandadır. Yoğun tempolu günlerinizden sonra dinlenmek ve keyifli vakit geçirmek istiyorsanız doğru adrestesiniz. Güleryüzlü tavrım ve iletişim becerilerimle kendinizi hemen rahat hissetmenizi sağlarım. Randevularımda hijyen, gizlilik ve karşılıklı saygı benim için her zaman önceliklidir. Kuşadası'nın canlı atmosferinde kaliteli zaman geçirmek isteyen misafirlerimle keyifli sohbetler eder, birlikte unutulmaz anılar biriktirmeyi hedeflerim. Sunduğum hizmetler arasında 24 saat, Yabancı uyruklu, Masaj, Türkçe bilir ve Partner bulunmaktadır. Ödeme olarak Nakit kabul ediyorum. Detaylar için mesaj atmanız yeterli. Sevgiler, Pınar."
Ceyda4,31,"Kuşadası, Yılancı Burnu",4300,05533 366 23 67,"Kredi Kartı, Nakit","Eve gelir, Türkçe bilir, Yabancı uyruklu",0,https://picsum.photos/id/177/400/600,"Merhaba, ben Ceyda. Kuşadası'nın Yılancı Burnu bölgesinde samimi ve güvenilir bir arkadaşlık deneyimi sunuyorum. Güleryüzlü tavrım ve iletişim becerilerimle kendinizi hemen rahat hissetmenizi sağlarım. Randevularımda hijyen, gizlilik ve karşılıklı saygı benim için her zaman önceliklidir. Kuşadası'nın canlı atmosferinde kaliteli zaman geçirmek isteyen misafirlerimle keyifli sohbetler eder, birlikte unutulmaz anılar biriktirmeyi hedeflerim. Yıllardır bölgeyi iyi tanıyan biri olarak size Kuşadası'nın en güzel köşelerini de önerebilirim. İletişimde açık ve net olmayı tercih ederim; bu sayede her iki taraf da memnun ayrılır. Özenli görünümüm, pozitif enerjim ve güler yüzümle tanınırım. Sunduğum hizmetler arasında Eve gelir, Türkçe bilir ve Yabancı uyruklu bulunmaktadır. Ödeme olarak Kredi Kartı, Nakit kabul ediyorum. Görüşmek üzere, Ceyda."
Ceyda5,27,"Kuşadası, Yavansu",3550,05537 468 61 50,Nakit,"24 saat, Masaj, Otel gelir, Türkçe bilir",0,https://picsum.photos/id/995/400/600,"Selam! Ben Ceyda, Yavansu çevresinde sıcakkanlı, enerjik ve özenli biriyim. Profesyonel yaklaşımım ve esnek programım sayesinde size en uygun saatte buluşma imkânı sunuyorum. Detayları önceden netleştirir, beklentilerinizi dinler ve buna göre plan yaparım. Samimi ama ölçülü bir ortamda, stresinizden uzaklaşmanıza yardımcı olacak bir deneyim yaşatmayı amaçlıyorum. Esnek çalışma saatlerim ve farklı ödeme seçeneklerimle size kolaylık sağlıyorum. Randevu öncesi kısa bir mesajla detayları netleştirmeniz yeterli. Kuşadası'nda güvenilir, sıcak ve profesyonel bir arkadaşlık arıyorsanız benimle iletişime geçebilirsiniz. Misafirlerimin kendini özel hissetmesi benim için çok önemli. Buluşmalarımızda samimi sohbet, rahat bir ortam ve karşılıklı güven ön plandadır. Yoğun tempolu günlerinizden sonra dinlenmek ve keyifli vakit geçirmek istiyorsanız doğru adrestesiniz. Sunduğum hizmetler arasında 24 saat, Masaj, Otel gelir ve Türkçe bilir bulunmaktadır. Ödeme olarak Nakit kabul ediyorum. Sizinle tanışmayı dört gözle bekliyorum — Ceyda."
Kader4,31,"Kuşadası, Merkez",4050,05555 986 64 62,"Nakit, Kripto, Kredi Kartı","Türkçe bilir, Masaj, Eve gelir",0,https://picsum.photos/id/611/400/600,"Merhaba, ben Kader. Kuşadası'nın Merkez bölgesinde samimi ve güvenilir bir arkadaşlık deneyimi sunuyorum. Yıllardır bölgeyi iyi tanıyan biri olarak size Kuşadası'nın en güzel köşelerini de önerebilirim. İletişimde açık ve net olmayı tercih ederim; bu sayede her iki taraf da memnun ayrılır. Özenli görünümüm, pozitif enerjim ve güler yüzümle tanınırım. Misafirlerimin kendini özel hissetmesi benim için çok önemli. Buluşmalarımızda samimi sohbet, rahat bir ortam ve karşılıklı güven ön plandadır. Yoğun tempolu günlerinizden sonra dinlenmek ve keyifli vakit geçirmek istiyorsanız doğru adrestesiniz. Profesyonel yaklaşımım ve esnek programım sayesinde size en uygun saatte buluşma imkânı sunuyorum. Detayları önceden netleştirir, beklentilerinizi dinler ve buna göre plan yaparım. Samimi ama ölçülü bir ortamda, stresinizden uzaklaşmanıza yardımcı olacak bir deneyim yaşatmayı amaçlıyorum. Sunduğum hizmetler arasında Türkçe bilir, Masaj ve Eve gelir bulunmaktadır. Ödeme olarak Nakit, Kripto, Kredi Kartı kabul ediyorum. Sizinle tanışmayı dört gözle bekliyorum — Kader."
Gamze,32,"Kuşadası, Merkez",1400,05544 891 89 20,Kripto,"Masaj, Yabancı uyruklu",1,https://picsum.photos/id/1074/400/600,"Merhaba, ben Gamze. Kuşadası'nın Merkez bölgesinde samimi ve güvenilir bir arkadaşlık deneyimi sunuyorum. Esnek çalışma saatlerim ve farklı ödeme seçeneklerimle size kolaylık sağlıyorum. Randevu öncesi kısa bir mesajla detayları netleştirmeniz yeterli. Kuşadası'nda güvenilir, sıcak ve profesyonel bir arkadaşlık arıyorsanız benimle iletişime geçebilirsiniz. Yıllardır bölgeyi iyi tanıyan biri olarak size Kuşadası'nın en güzel köşelerini de önerebilirim. İletişimde açık ve net olmayı tercih ederim; bu sayede her iki taraf da memnun ayrılır. Özenli görünümüm, pozitif enerjim ve güler yüzümle tanınırım. Sunduğum hizmetler arasında Masaj ve Yabancı uyruklu bulunmaktadır. Ödeme olarak Kripto kabul ediyorum. Sizinle tanışmayı dört gözle bekliyorum — Gamze. Profesyonel yaklaşımım ve esnek programım sayesinde size en uygun saatte buluşma imkânı sunuyorum. Detayları önceden netleştirir, beklentilerinizi dinler ve buna göre plan yaparım. Samimi ama ölçülü bir ortamda, stresinizden uzaklaşmanıza yardımcı olacak bir deneyim yaşatmayı amaçlıyorum."
Derya5,32,"Kuşadası, Camiatik",1850,05544 436 41 56,"Kredi Kartı, Nakit, Kripto","Türkçe bilir, Partner, Masaj, 24 saat, Eve gelir",0,https://picsum.photos/id/338/400/600,"Ben Derya. Camiatik bölgesinde konforlu, saygılı ve keyifli bir buluşma atmosferi oluşturmayı seviyorum. Esnek çalışma saatlerim ve farklı ödeme seçeneklerimle size kolaylık sağlıyorum. Randevu öncesi kısa bir mesajla detayları netleştirmeniz yeterli. Kuşadası'nda güvenilir, sıcak ve profesyonel bir arkadaşlık arıyorsanız benimle iletişime geçebilirsiniz. Güleryüzlü tavrım ve iletişim becerilerimle kendinizi hemen rahat hissetmenizi sağlarım. Randevularımda hijyen, gizlilik ve karşılıklı saygı benim için her zaman önceliklidir. Kuşadası'nın canlı atmosferinde kaliteli zaman geçirmek isteyen misafirlerimle keyifli sohbetler eder, birlikte unutulmaz anılar biriktirmeyi hedeflerim. Profesyonel yaklaşımım ve esnek programım sayesinde size en uygun saatte buluşma imkânı sunuyorum. Detayları önceden netleştirir, beklentilerinizi dinler ve buna göre plan yaparım. Samimi ama ölçülü bir ortamda, stresinizden uzaklaşmanıza yardımcı olacak bir deneyim yaşatmayı amaçlıyorum. Sunduğum hizmetler arasında Türkçe bilir, Partner, Masaj, 24 saat ve Eve gelir bulunmaktadır. Ödeme olarak Kredi Kartı, Nakit, Kripto kabul ediyorum. Sizinle tanışmayı dört gözle bekliyorum — Derya."
Yasemin3,23,"Kuşadası, Güvercinada",3900,05544 444 26 19,"Kripto, Kredi Kartı, Nakit","Türkçe bilir, 24 saat, Otel gelir, Eve gelir",0,https://picsum.photos/id/1011/400/600,"Ben Yasemin. Güvercinada bölgesinde konforlu, saygılı ve keyifli bir buluşma atmosferi oluşturmayı seviyorum. Yıllardır bölgeyi iyi tanıyan biri olarak size Kuşadası'nın en güzel köşelerini de önerebilirim. İletişimde açık ve net olmayı tercih ederim; bu sayede her iki taraf da memnun ayrılır. Özenli görünümüm, pozitif enerjim ve güler yüzümle tanınırım. Güleryüzlü tavrım ve iletişim becerilerimle kendinizi hemen rahat hissetmenizi sağlarım. Randevularımda hijyen, gizlilik ve karşılıklı saygı benim için her zaman önceliklidir. Kuşadası'nın canlı atmosferinde kaliteli zaman geçirmek isteyen misafirlerimle keyifli sohbetler eder, birlikte unutulmaz anılar biriktirmeyi hedeflerim. Sunduğum hizmetler arasında Türkçe bilir, 24 saat, Otel gelir ve Eve gelir bulunmaktadır. Ödeme olarak Kripto, Kredi Kartı, Nakit kabul ediyorum. Sizinle tanışmayı dört gözle bekliyorum — Yasemin."
Derya6,25,"Kuşadası, Cumhuriyet",3700,05546 350 46 13,"Kredi Kartı, Kripto","Otel gelir, Partner, Yabancı uyruklu",0,https://picsum.photos/id/1035/400/600,"Merhaba, ben Derya. Kuşadası'nın Cumhuriyet bölgesinde samimi ve güvenilir bir arkadaşlık deneyimi sunuyorum. Esnek çalışma saatlerim ve farklı ödeme seçeneklerimle size kolaylık sağlıyorum. Randevu öncesi kısa bir mesajla detayları netleştirmeniz yeterli. Kuşadası'nda güvenilir, sıcak ve profesyonel bir arkadaşlık arıyorsanız benimle iletişime geçebilirsiniz. Misafirlerimin kendini özel hissetmesi benim için çok önemli. Buluşmalarımızda samimi sohbet, rahat bir ortam ve karşılıklı güven ön plandadır. Yoğun tempolu günlerinizden sonra dinlenmek ve keyifli vakit geçirmek istiyorsanız doğru adrestesiniz. Profesyonel yaklaşımım ve esnek programım sayesinde size en uygun saatte buluşma imkânı sunuyorum. Detayları önceden netleştirir, beklentilerinizi dinler ve buna göre plan yaparım. Samimi ama ölçülü bir ortamda, stresinizden uzaklaşmanıza yardımcı olacak bir deneyim yaşatmayı amaçlıyorum. Sunduğum hizmetler arasında Otel gelir, Partner ve Yabancı uyruklu bulunmaktadır. Ödeme olarak Kredi Kartı, Kripto kabul ediyorum. Sizinle tanışmayı dört gözle bekliyorum — Derya."
Elif5,32,"Kuşadası, Davutlar",1350,05554 934 87 41,"Kredi Kartı, Nakit, Kripto","Eve gelir, Türkçe bilir, Masaj, Partner",1,https://picsum.photos/id/65/400/600,"Ben Elif. Davutlar bölgesinde konforlu, saygılı ve keyifli bir buluşma atmosferi oluşturmayı seviyorum. Profesyonel yaklaşımım ve esnek programım sayesinde size en uygun saatte buluşma imkânı sunuyorum. Detayları önceden netleştirir, beklentilerinizi dinler ve buna göre plan yaparım. Samimi ama ölçülü bir ortamda, stresinizden uzaklaşmanıza yardımcı olacak bir deneyim yaşatmayı amaçlıyorum. Güleryüzlü tavrım ve iletişim becerilerimle kendinizi hemen rahat hissetmenizi sağlarım. Randevularımda hijyen, gizlilik ve karşılıklı saygı benim için her zaman önceliklidir. Kuşadası'nın canlı atmosferinde kaliteli zaman geçirmek isteyen misafirlerimle keyifli sohbetler eder, birlikte unutulmaz anılar biriktirmeyi hedeflerim. Yıllardır bölgeyi iyi tanıyan biri olarak size Kuşadası'nın en güzel köşelerini de önerebilirim. İletişimde açık ve net olmayı tercih ederim; bu sayede her iki taraf da memnun ayrılır. Özenli görünümüm, pozitif enerjim ve güler yüzümle tanınırım. Sunduğum hizmetler arasında Eve gelir, Türkçe bilir, Masaj ve Partner bulunmaktadır. Ödeme olarak Kredi Kartı, Nakit, Kripto kabul ediyorum. Sizinle tanışmayı dört gözle bekliyorum — Elif."
Pınar7,33,"Kuşadası, Güvercinada",3950,05539 771 86 22,Nakit,"Yabancı uyruklu, Otel gelir, Partner",0,https://picsum.photos/id/659/400/600,"Ben Pınar. Güvercinada bölgesinde konforlu, saygılı ve keyifli bir buluşma atmosferi oluşturmayı seviyorum. Yıllardır bölgeyi iyi tanıyan biri olarak size Kuşadası'nın en güzel köşelerini de önerebilirim. İletişimde açık ve net olmayı tercih ederim; bu sayede her iki taraf da memnun ayrılır. Özenli görünümüm, pozitif enerjim ve güler yüzümle tanınırım. Misafirlerimin kendini özel hissetmesi benim için çok önemli. Buluşmalarımızda samimi sohbet, rahat bir ortam ve karşılıklı güven ön plandadır. Yoğun tempolu günlerinizden sonra dinlenmek ve keyifli vakit geçirmek istiyorsanız doğru adrestesiniz. Sunduğum hizmetler arasında Yabancı uyruklu, Otel gelir ve Partner bulunmaktadır. Ödeme olarak Nakit kabul ediyorum. Görüşmek üzere, Pınar. Profesyonel yaklaşımım ve esnek programım sayesinde size en uygun saatte buluşma imkânı sunuyorum. Detayları önceden netleştirir, beklentilerinizi dinler ve buna göre plan yaparım. Samimi ama ölçülü bir ortamda, stresinizden uzaklaşmanıza yardımcı olacak bir deneyim yaşatmayı amaçlıyorum."
Jale4,27,"Kuşadası, Cumhuriyet",4400,05552 481 67 19,"Kripto, Nakit, Kredi Kartı","Masaj, Partner, 24 saat, Yabancı uyruklu",0,https://picsum.photos/id/837/400/600,"Selam! Ben Jale, Cumhuriyet çevresinde sıcakkanlı, enerjik ve özenli biriyim. Güleryüzlü tavrım ve iletişim becerilerimle kendinizi hemen rahat hissetmenizi sağlarım. Randevularımda hijyen, gizlilik ve karşılıklı saygı benim için her zaman önceliklidir. Kuşadası'nın canlı atmosferinde kaliteli zaman geçirmek isteyen misafirlerimle keyifli sohbetler eder, birlikte unutulmaz anılar biriktirmeyi hedeflerim. Profesyonel yaklaşımım ve esnek programım sayesinde size en uygun saatte buluşma imkânı sunuyorum. Detayları önceden netleştirir, beklentilerinizi dinler ve buna göre plan yaparım. Samimi ama ölçülü bir ortamda, stresinizden uzaklaşmanıza yardımcı olacak bir deneyim yaşatmayı amaçlıyorum. Yıllardır bölgeyi iyi tanıyan biri olarak size Kuşadası'nın en güzel köşelerini de önerebilirim. İletişimde açık ve net olmayı tercih ederim; bu sayede her iki taraf da memnun ayrılır. Özenli görünümüm, pozitif enerjim ve güler yüzümle tanınırım. Sunduğum hizmetler arasında Masaj, Partner, 24 saat ve Yabancı uyruklu bulunmaktadır. Ödeme olarak Kripto, Nakit, Kredi Kartı kabul ediyorum. Görüşmek üzere, Jale."
Özge4,28,"Kuşadası, Davutlar",1500,05541 478 19 13,Nakit,"Türkçe bilir, Eve gelir, Masaj",0,https://picsum.photos/id/1035/400/600,"Ben Özge. Davutlar bölgesinde konforlu, saygılı ve keyifli bir buluşma atmosferi oluşturmayı seviyorum. Esnek çalışma saatlerim ve farklı ödeme seçeneklerimle size kolaylık sağlıyorum. Randevu öncesi kısa bir mesajla detayları netleştirmeniz yeterli. Kuşadası'nda güvenilir, sıcak ve profesyonel bir arkadaşlık arıyorsanız benimle iletişime geçebilirsiniz. Güleryüzlü tavrım ve iletişim becerilerimle kendinizi hemen rahat hissetmenizi sağlarım. Randevularımda hijyen, gizlilik ve karşılıklı saygı benim için her zaman önceliklidir. Kuşadası'nın canlı atmosferinde kaliteli zaman geçirmek isteyen misafirlerimle keyifli sohbetler eder, birlikte unutulmaz anılar biriktirmeyi hedeflerim. Sunduğum hizmetler arasında Türkçe bilir, Eve gelir ve Masaj bulunmaktadır. Ödeme olarak Nakit kabul ediyorum. Sizinle tanışmayı dört gözle bekliyorum — Özge."
Jale5,25,"Kuşadası, Davutlar",1250,05544 184 19 56,Kripto,"Türkçe bilir, Yabancı uyruklu, Masaj",0,https://picsum.photos/id/338/400/600,"Selam! Ben Jale, Davutlar çevresinde sıcakkanlı, enerjik ve özenli biriyim. Yıllardır bölgeyi iyi tanıyan biri olarak size Kuşadası'nın en güzel köşelerini de önerebilirim. İletişimde açık ve net olmayı tercih ederim; bu sayede her iki taraf da memnun ayrılır. Özenli görünümüm, pozitif enerjim ve güler yüzümle tanınırım. Esnek çalışma saatlerim ve farklı ödeme seçeneklerimle size kolaylık sağlıyorum. Randevu öncesi kısa bir mesajla detayları netleştirmeniz yeterli. Kuşadası'nda güvenilir, sıcak ve profesyonel bir arkadaşlık arıyorsanız benimle iletişime geçebilirsiniz. Güleryüzlü tavrım ve iletişim becerilerimle kendinizi hemen rahat hissetmenizi sağlarım. Randevularımda hijyen, gizlilik ve karşılıklı saygı benim için her zaman önceliklidir. Kuşadası'nın canlı atmosferinde kaliteli zaman geçirmek isteyen misafirlerimle keyifli sohbetler eder, birlikte unutulmaz anılar biriktirmeyi hedeflerim. Sunduğum hizmetler arasında Türkçe bilir, Yabancı uyruklu ve Masaj bulunmaktadır. Ödeme olarak Kripto kabul ediyorum. Sizinle tanışmayı dört gözle bekliyorum — Jale."
Funda2,35,"Kuşadası, Yılancı Burnu",1050,05538 132 92 73,"Kripto, Nakit","Partner, Yabancı uyruklu, Masaj",0,https://picsum.photos/id/725/400/600,"Selam! Ben Funda, Yılancı Burnu çevresinde sıcakkanlı, enerjik ve özenli biriyim. Esnek çalışma saatlerim ve farklı ödeme seçeneklerimle size kolaylık sağlıyorum. Randevu öncesi kısa bir mesajla detayları netleştirmeniz yeterli. Kuşadası'nda güvenilir, sıcak ve profesyonel bir arkadaşlık arıyorsanız benimle iletişime geçebilirsiniz. Profesyonel yaklaşımım ve esnek programım sayesinde size en uygun saatte buluşma imkânı sunuyorum. Detayları önceden netleştirir, beklentilerinizi dinler ve buna göre plan yaparım. Samimi ama ölçülü bir ortamda, stresinizden uzaklaşmanıza yardımcı olacak bir deneyim yaşatmayı amaçlıyorum. Yıllardır bölgeyi iyi tanıyan biri olarak size Kuşadası'nın en güzel köşelerini de önerebilirim. İletişimde açık ve net olmayı tercih ederim; bu sayede her iki taraf da memnun ayrılır. Özenli görünümüm, pozitif enerjim ve güler yüzümle tanınırım. Sunduğum hizmetler arasında Partner, Yabancı uyruklu ve Masaj bulunmaktadır. Ödeme olarak Kripto, Nakit kabul ediyorum. Sizinle tanışmayı dört gözle bekliyorum — Funda."
Yasemin4,22,"Kuşadası, Hacıfeyzullah",2300,05532 421 64 37,Nakit,"Yabancı uyruklu, Eve gelir, 24 saat, Masaj, Türkçe bilir",0,https://picsum.photos/id/978/400/600,"Merhaba, ben Yasemin. Kuşadası'nın Hacıfeyzullah bölgesinde samimi ve güvenilir bir arkadaşlık deneyimi sunuyorum. Misafirlerimin kendini özel hissetmesi benim için çok önemli. Buluşmalarımızda samimi sohbet, rahat bir ortam ve karşılıklı güven ön plandadır. Yoğun tempolu günlerinizden sonra dinlenmek ve keyifli vakit geçirmek istiyorsanız doğru adrestesiniz. Profesyonel yaklaşımım ve esnek programım sayesinde size en uygun saatte buluşma imkânı sunuyorum. Detayları önceden netleştirir, beklentilerinizi dinler ve buna göre plan yaparım. Samimi ama ölçülü bir ortamda, stresinizden uzaklaşmanıza yardımcı olacak bir deneyim yaşatmayı amaçlıyorum. Güleryüzlü tavrım ve iletişim becerilerimle kendinizi hemen rahat hissetmenizi sağlarım. Randevularımda hijyen, gizlilik ve karşılıklı saygı benim için her zaman önceliklidir. Kuşadası'nın canlı atmosferinde kaliteli zaman geçirmek isteyen misafirlerimle keyifli sohbetler eder, birlikte unutulmaz anılar biriktirmeyi hedeflerim. Sunduğum hizmetler arasında Yabancı uyruklu, Eve gelir, 24 saat, Masaj ve Türkçe bilir bulunmaktadır. Ödeme olarak Nakit kabul ediyorum. Detaylar için mesaj atmanız yeterli. Sevgiler, Yasemin."
Melis4,25,"Kuşadası, Merkez",3300,05541 561 27 12,Nakit,"24 saat, Türkçe bilir",0,https://picsum.photos/id/399/400/600,"Merhaba, ben Melis. Kuşadası'nın Merkez bölgesinde samimi ve güvenilir bir arkadaşlık deneyimi sunuyorum. Yıllardır bölgeyi iyi tanıyan biri olarak size Kuşadası'nın en güzel köşelerini de önerebilirim. İletişimde açık ve net olmayı tercih ederim; bu sayede her iki taraf da memnun ayrılır. Özenli görünümüm, pozitif enerjim ve güler yüzümle tanınırım. Güleryüzlü tavrım ve iletişim becerilerimle kendinizi hemen rahat hissetmenizi sağlarım. Randevularımda hijyen, gizlilik ve karşılıklı saygı benim için her zaman önceliklidir. Kuşadası'nın canlı atmosferinde kaliteli zaman geçirmek isteyen misafirlerimle keyifli sohbetler eder, birlikte unutulmaz anılar biriktirmeyi hedeflerim. Profesyonel yaklaşımım ve esnek programım sayesinde size en uygun saatte buluşma imkânı sunuyorum. Detayları önceden netleştirir, beklentilerinizi dinler ve buna göre plan yaparım. Samimi ama ölçülü bir ortamda, stresinizden uzaklaşmanıza yardımcı olacak bir deneyim yaşatmayı amaçlıyorum. Sunduğum hizmetler arasında 24 saat ve Türkçe bilir bulunmaktadır. Ödeme olarak Nakit kabul ediyorum. Sizinle tanışmayı dört gözle bekliyorum — Melis."
Nazlı6,23,"Kuşadası, Hacıfeyzullah",1700,05545 266 72 60,"Kripto, Nakit","Otel gelir, Masaj, Partner, Türkçe bilir, Yabancı uyruklu",1,https://picsum.photos/id/836/400/600,"Merhaba, ben Nazlı. Kuşadası'nın Hacıfeyzullah bölgesinde samimi ve güvenilir bir arkadaşlık deneyimi sunuyorum. Profesyonel yaklaşımım ve esnek programım sayesinde size en uygun saatte buluşma imkânı sunuyorum. Detayları önceden netleştirir, beklentilerinizi dinler ve buna göre plan yaparım. Samimi ama ölçülü bir ortamda, stresinizden uzaklaşmanıza yardımcı olacak bir deneyim yaşatmayı amaçlıyorum. Yıllardır bölgeyi iyi tanıyan biri olarak size Kuşadası'nın en güzel köşelerini de önerebilirim. İletişimde açık ve net olmayı tercih ederim; bu sayede her iki taraf da memnun ayrılır. Özenli görünümüm, pozitif enerjim ve güler yüzümle tanınırım. Güleryüzlü tavrım ve iletişim becerilerimle kendinizi hemen rahat hissetmenizi sağlarım. Randevularımda hijyen, gizlilik ve karşılıklı saygı benim için her zaman önceliklidir. Kuşadası'nın canlı atmosferinde kaliteli zaman geçirmek isteyen misafirlerimle keyifli sohbetler eder, birlikte unutulmaz anılar biriktirmeyi hedeflerim. Sunduğum hizmetler arasında Otel gelir, Masaj, Partner, Türkçe bilir ve Yabancı uyruklu bulunmaktadır. Ödeme olarak Kripto, Nakit kabul ediyorum. Sizinle tanışmayı dört gözle bekliyorum — Nazlı."
Elif6,24,"Kuşadası, Merkez",4500,05536 306 93 48,Kripto,"Otel gelir, Partner",0,https://picsum.photos/id/1011/400/600,"Merhaba, ben Elif. Kuşadası'nın Merkez bölgesinde samimi ve güvenilir bir arkadaşlık deneyimi sunuyorum. Misafirlerimin kendini özel hissetmesi benim için çok önemli. Buluşmalarımızda samimi sohbet, rahat bir ortam ve karşılıklı güven ön plandadır. Yoğun tempolu günlerinizden sonra dinlenmek ve keyifli vakit geçirmek istiyorsanız doğru adrestesiniz. Profesyonel yaklaşımım ve esnek programım sayesinde size en uygun saatte buluşma imkânı sunuyorum. Detayları önceden netleştirir, beklentilerinizi dinler ve buna göre plan yaparım. Samimi ama ölçülü bir ortamda, stresinizden uzaklaşmanıza yardımcı olacak bir deneyim yaşatmayı amaçlıyorum. Sunduğum hizmetler arasında Otel gelir ve Partner bulunmaktadır. Ödeme olarak Kripto kabul ediyorum. Görüşmek üzere, Elif. Yıllardır bölgeyi iyi tanıyan biri olarak size Kuşadası'nın en güzel köşelerini de önerebilirim. İletişimde açık ve net olmayı tercih ederim; bu sayede her iki taraf da memnun ayrılır. Özenli görünümüm, pozitif enerjim ve güler yüzümle tanınırım."
Vildan2,35,"Kuşadası, Yılancı Burnu",2800,05532 466 40 23,"Kredi Kartı, Nakit","Türkçe bilir, Yabancı uyruklu",0,https://picsum.photos/id/447/400/600,"Ben Vildan. Yılancı Burnu bölgesinde konforlu, saygılı ve keyifli bir buluşma atmosferi oluşturmayı seviyorum. Profesyonel yaklaşımım ve esnek programım sayesinde size en uygun saatte buluşma imkânı sunuyorum. Detayları önceden netleştirir, beklentilerinizi dinler ve buna göre plan yaparım. Samimi ama ölçülü bir ortamda, stresinizden uzaklaşmanıza yardımcı olacak bir deneyim yaşatmayı amaçlıyorum. Esnek çalışma saatlerim ve farklı ödeme seçeneklerimle size kolaylık sağlıyorum. Randevu öncesi kısa bir mesajla detayları netleştirmeniz yeterli. Kuşadası'nda güvenilir, sıcak ve profesyonel bir arkadaşlık arıyorsanız benimle iletişime geçebilirsiniz. Sunduğum hizmetler arasında Türkçe bilir ve Yabancı uyruklu bulunmaktadır. Ödeme olarak Kredi Kartı, Nakit kabul ediyorum. Görüşmek üzere, Vildan. Esnek çalışma saatlerim ve farklı ödeme seçeneklerimle size kolaylık sağlıyorum. Randevu öncesi kısa bir mesajla detayları netleştirmeniz yeterli. Kuşadası'nda güvenilir, sıcak ve profesyonel bir arkadaşlık arıyorsanız benimle iletişime geçebilirsiniz."
Özge5,21,"Kuşadası, Davutlar",1200,05535 390 15 42,Kripto,"Otel gelir, Yabancı uyruklu, Türkçe bilir, Eve gelir",0,https://picsum.photos/id/702/400/600,"Selam! Ben Özge, Davutlar çevresinde sıcakkanlı, enerjik ve özenli biriyim. Yıllardır bölgeyi iyi tanıyan biri olarak size Kuşadası'nın en güzel köşelerini de önerebilirim. İletişimde açık ve net olmayı tercih ederim; bu sayede her iki taraf da memnun ayrılır. Özenli görünümüm, pozitif enerjim ve güler yüzümle tanınırım. Profesyonel yaklaşımım ve esnek programım sayesinde size en uygun saatte buluşma imkânı sunuyorum. Detayları önceden netleştirir, beklentilerinizi dinler ve buna göre plan yaparım. Samimi ama ölçülü bir ortamda, stresinizden uzaklaşmanıza yardımcı olacak bir deneyim yaşatmayı amaçlıyorum. Güleryüzlü tavrım ve iletişim becerilerimle kendinizi hemen rahat hissetmenizi sağlarım. Randevularımda hijyen, gizlilik ve karşılıklı saygı benim için her zaman önceliklidir. Kuşadası'nın canlı atmosferinde kaliteli zaman geçirmek isteyen misafirlerimle keyifli sohbetler eder, birlikte unutulmaz anılar biriktirmeyi hedeflerim. Sunduğum hizmetler arasında Otel gelir, Yabancı uyruklu, Türkçe bilir ve Eve gelir bulunmaktadır. Ödeme olarak Kripto kabul ediyorum. Detaylar için mesaj atmanız yeterli. Sevgiler, Özge."
Melis5,34,"Kuşadası, Yavansu",3250,05534 537 96 93,"Nakit, Kredi Kartı, Kripto","Yabancı uyruklu, Otel gelir, Türkçe bilir, Masaj, Eve gelir",0,https://picsum.photos/id/702/400/600,"Merhaba, ben Melis. Kuşadası'nın Yavansu bölgesinde samimi ve güvenilir bir arkadaşlık deneyimi sunuyorum. Yıllardır bölgeyi iyi tanıyan biri olarak size Kuşadası'nın en güzel köşelerini de önerebilirim. İletişimde açık ve net olmayı tercih ederim; bu sayede her iki taraf da memnun ayrılır. Özenli görünümüm, pozitif enerjim ve güler yüzümle tanınırım. Güleryüzlü tavrım ve iletişim becerilerimle kendinizi hemen rahat hissetmenizi sağlarım. Randevularımda hijyen, gizlilik ve karşılıklı saygı benim için her zaman önceliklidir. Kuşadası'nın canlı atmosferinde kaliteli zaman geçirmek isteyen misafirlerimle keyifli sohbetler eder, birlikte unutulmaz anılar biriktirmeyi hedeflerim. Esnek çalışma saatlerim ve farklı ödeme seçeneklerimle size kolaylık sağlıyorum. Randevu öncesi kısa bir mesajla detayları netleştirmeniz yeterli. Kuşadası'nda güvenilir, sıcak ve profesyonel bir arkadaşlık arıyorsanız benimle iletişime geçebilirsiniz. Sunduğum hizmetler arasında Yabancı uyruklu, Otel gelir, Türkçe bilir, Masaj ve Eve gelir bulunmaktadır. Ödeme olarak Nakit, Kredi Kartı, Kripto kabul ediyorum. Detaylar için mesaj atmanız yeterli. Sevgiler, Melis."
Lale2,30,"Kuşadası, Yılancı Burnu",2250,05545 105 32 92,Nakit,"Masaj, Partner",0,https://picsum.photos/id/611/400/600,"Selam! Ben Lale, Yılancı Burnu çevresinde sıcakkanlı, enerjik ve özenli biriyim. Profesyonel yaklaşımım ve esnek programım sayesinde size en uygun saatte buluşma imkânı sunuyorum. Detayları önceden netleştirir, beklentilerinizi dinler ve buna göre plan yaparım. Samimi ama ölçülü bir ortamda, stresinizden uzaklaşmanıza yardımcı olacak bir deneyim yaşatmayı amaçlıyorum. Misafirlerimin kendini özel hissetmesi benim için çok önemli. Buluşmalarımızda samimi sohbet, rahat bir ortam ve karşılıklı güven ön plandadır. Yoğun tempolu günlerinizden sonra dinlenmek ve keyifli vakit geçirmek istiyorsanız doğru adrestesiniz. Güleryüzlü tavrım ve iletişim becerilerimle kendinizi hemen rahat hissetmenizi sağlarım. Randevularımda hijyen, gizlilik ve karşılıklı saygı benim için her zaman önceliklidir. Kuşadası'nın canlı atmosferinde kaliteli zaman geçirmek isteyen misafirlerimle keyifli sohbetler eder, birlikte unutulmaz anılar biriktirmeyi hedeflerim. Sunduğum hizmetler arasında Masaj ve Partner bulunmaktadır. Ödeme olarak Nakit kabul ediyorum. Görüşmek üzere, Lale."
Kader5,27,"Kuşadası, Yılancı Burnu",4450,05539 692 28 55,"Kripto, Kredi Kartı","Yabancı uyruklu, Eve gelir",1,https://picsum.photos/id/659/400/600,"Ben Kader. Yılancı Burnu bölgesinde konforlu, saygılı ve keyifli bir buluşma atmosferi oluşturmayı seviyorum. Esnek çalışma saatlerim ve farklı ödeme seçeneklerimle size kolaylık sağlıyorum. Randevu öncesi kısa bir mesajla detayları netleştirmeniz yeterli. Kuşadası'nda güvenilir, sıcak ve profesyonel bir arkadaşlık arıyorsanız benimle iletişime geçebilirsiniz. Profesyonel yaklaşımım ve esnek programım sayesinde size en uygun saatte buluşma imkânı sunuyorum. Detayları önceden netleştirir, beklentilerinizi dinler ve buna göre plan yaparım. Samimi ama ölçülü bir ortamda, stresinizden uzaklaşmanıza yardımcı olacak bir deneyim yaşatmayı amaçlıyorum. Sunduğum hizmetler arasında Yabancı uyruklu ve Eve gelir bulunmaktadır. Ödeme olarak Kripto, Kredi Kartı kabul ediyorum. Görüşmek üzere, Kader. Misafirlerimin kendini özel hissetmesi benim için çok önemli. Buluşmalarımızda samimi sohbet, rahat bir ortam ve karşılıklı güven ön plandadır. Yoğun tempolu günlerinizden sonra dinlenmek ve keyifli vakit geçirmek istiyorsanız doğru adrestesiniz."
Selin3,20,"Kuşadası, Kadınlar Denizi",2550,05541 258 23 28,"Kredi Kartı, Kripto","24 saat, Masaj, Eve gelir, Partner",0,https://picsum.photos/id/837/400/600,"Selam! Ben Selin, Kadınlar Denizi çevresinde sıcakkanlı, enerjik ve özenli biriyim. Güleryüzlü tavrım ve iletişim becerilerimle kendinizi hemen rahat hissetmenizi sağlarım. Randevularımda hijyen, gizlilik ve karşılıklı saygı benim için her zaman önceliklidir. Kuşadası'nın canlı atmosferinde kaliteli zaman geçirmek isteyen misafirlerimle keyifli sohbetler eder, birlikte unutulmaz anılar biriktirmeyi hedeflerim. Misafirlerimin kendini özel hissetmesi benim için çok önemli. Buluşmalarımızda samimi sohbet, rahat bir ortam ve karşılıklı güven ön plandadır. Yoğun tempolu günlerinizden sonra dinlenmek ve keyifli vakit geçirmek istiyorsanız doğru adrestesiniz. Yıllardır bölgeyi iyi tanıyan biri olarak size Kuşadası'nın en güzel köşelerini de önerebilirim. İletişimde açık ve net olmayı tercih ederim; bu sayede her iki taraf da memnun ayrılır. Özenli görünümüm, pozitif enerjim ve güler yüzümle tanınırım. Sunduğum hizmetler arasında 24 saat, Masaj, Eve gelir ve Partner bulunmaktadır. Ödeme olarak Kredi Kartı, Kripto kabul ediyorum. Sizinle tanışmayı dört gözle bekliyorum — Selin."
Selin4,22,"Kuşadası, Türkmen",4100,05539 686 38 63,"Nakit, Kripto","Yabancı uyruklu, Türkçe bilir, Eve gelir, Partner",0,https://picsum.photos/id/611/400/600,"Selam! Ben Selin, Türkmen çevresinde sıcakkanlı, enerjik ve özenli biriyim. Profesyonel yaklaşımım ve esnek programım sayesinde size en uygun saatte buluşma imkânı sunuyorum. Detayları önceden netleştirir, beklentilerinizi dinler ve buna göre plan yaparım. Samimi ama ölçülü bir ortamda, stresinizden uzaklaşmanıza yardımcı olacak bir deneyim yaşatmayı amaçlıyorum. Esnek çalışma saatlerim ve farklı ödeme seçeneklerimle size kolaylık sağlıyorum. Randevu öncesi kısa bir mesajla detayları netleştirmeniz yeterli. Kuşadası'nda güvenilir, sıcak ve profesyonel bir arkadaşlık arıyorsanız benimle iletişime geçebilirsiniz. Sunduğum hizmetler arasında Yabancı uyruklu, Türkçe bilir, Eve gelir ve Partner bulunmaktadır. Ödeme olarak Nakit, Kripto kabul ediyorum. Görüşmek üzere, Selin. Esnek çalışma saatlerim ve farklı ödeme seçeneklerimle size kolaylık sağlıyorum. Randevu öncesi kısa bir mesajla detayları netleştirmeniz yeterli. Kuşadası'nda güvenilir, sıcak ve profesyonel bir arkadaşlık arıyorsanız benimle iletişime geçebilirsiniz."
Elif7,27,"Kuşadası, Güvercinada",2200,05544 795 55 57,"Nakit, Kripto","Partner, Yabancı uyruklu, Masaj, Otel gelir, 24 saat",1,https://picsum.photos/id/399/400/600,"Selam! Ben Elif, Güvercinada çevresinde sıcakkanlı, enerjik ve özenli biriyim. Esnek çalışma saatlerim ve farklı ödeme seçeneklerimle size kolaylık sağlıyorum. Randevu öncesi kısa bir mesajla detayları netleştirmeniz yeterli. Kuşadası'nda güvenilir, sıcak ve profesyonel bir arkadaşlık arıyorsanız benimle iletişime geçebilirsiniz. Yıllardır bölgeyi iyi tanıyan biri olarak size Kuşadası'nın en güzel köşelerini de önerebilirim. İletişimde açık ve net olmayı tercih ederim; bu sayede her iki taraf da memnun ayrılır. Özenli görünümüm, pozitif enerjim ve güler yüzümle tanınırım. Misafirlerimin kendini özel hissetmesi benim için çok önemli. Buluşmalarımızda samimi sohbet, rahat bir ortam ve karşılıklı güven ön plandadır. Yoğun tempolu günlerinizden sonra dinlenmek ve keyifli vakit geçirmek istiyorsanız doğru adrestesiniz. Sunduğum hizmetler arasında Partner, Yabancı uyruklu, Masaj, Otel gelir ve 24 saat bulunmaktadır. Ödeme olarak Nakit, Kripto kabul ediyorum. Sizinle tanışmayı dört gözle bekliyorum — Elif."
Ceyda6,27,"Kuşadası, Yavansu",3600,05543 759 72 44,Kripto,"Masaj, Partner, Yabancı uyruklu, Otel gelir, Eve gelir",0,https://picsum.photos/id/1011/400/600,"Ben Ceyda. Yavansu bölgesinde konforlu, saygılı ve keyifli bir buluşma atmosferi oluşturmayı seviyorum. Esnek çalışma saatlerim ve farklı ödeme seçeneklerimle size kolaylık sağlıyorum. Randevu öncesi kısa bir mesajla detayları netleştirmeniz yeterli. Kuşadası'nda güvenilir, sıcak ve profesyonel bir arkadaşlık arıyorsanız benimle iletişime geçebilirsiniz. Yıllardır bölgeyi iyi tanıyan biri olarak size Kuşadası'nın en güzel köşelerini de önerebilirim. İletişimde açık ve net olmayı tercih ederim; bu sayede her iki taraf da memnun ayrılır. Özenli görünümüm, pozitif enerjim ve güler yüzümle tanınırım. Güleryüzlü tavrım ve iletişim becerilerimle kendinizi hemen rahat hissetmenizi sağlarım. Randevularımda hijyen, gizlilik ve karşılıklı saygı benim için her zaman önceliklidir. Kuşadası'nın canlı atmosferinde kaliteli zaman geçirmek isteyen misafirlerimle keyifli sohbetler eder, birlikte unutulmaz anılar biriktirmeyi hedeflerim. Sunduğum hizmetler arasında Masaj, Partner, Yabancı uyruklu, Otel gelir ve Eve gelir bulunmaktadır. Ödeme olarak Kripto kabul ediyorum. Detaylar için mesaj atmanız yeterli. Sevgiler, Ceyda."
Zeynep4,25,"Kuşadası, Karaova",2150,05546 850 22 38,"Kredi Kartı, Kripto, Nakit","Otel gelir, Türkçe bilir, Masaj, 24 saat, Eve gelir",1,https://picsum.photos/id/1035/400/600,"Ben Zeynep. Karaova bölgesinde konforlu, saygılı ve keyifli bir buluşma atmosferi oluşturmayı seviyorum. Misafirlerimin kendini özel hissetmesi benim için çok önemli. Buluşmalarımızda samimi sohbet, rahat bir ortam ve karşılıklı güven ön plandadır. Yoğun tempolu günlerinizden sonra dinlenmek ve keyifli vakit geçirmek istiyorsanız doğru adrestesiniz. Esnek çalışma saatlerim ve farklı ödeme seçeneklerimle size kolaylık sağlıyorum. Randevu öncesi kısa bir mesajla detayları netleştirmeniz yeterli. Kuşadası'nda güvenilir, sıcak ve profesyonel bir arkadaşlık arıyorsanız benimle iletişime geçebilirsiniz. Profesyonel yaklaşımım ve esnek programım sayesinde size en uygun saatte buluşma imkânı sunuyorum. Detayları önceden netleştirir, beklentilerinizi dinler ve buna göre plan yaparım. Samimi ama ölçülü bir ortamda, stresinizden uzaklaşmanıza yardımcı olacak bir deneyim yaşatmayı amaçlıyorum. Sunduğum hizmetler arasında Otel gelir, Türkçe bilir, Masaj, 24 saat ve Eve gelir bulunmaktadır. Ödeme olarak Kredi Kartı, Kripto, Nakit kabul ediyorum. Görüşmek üzere, Zeynep."
Kader6,27,"Kuşadası, Güvercinada",4000,05535 713 41 43,"Nakit, Kredi Kartı, Kripto","Yabancı uyruklu, Otel gelir",0,https://picsum.photos/id/678/400/600,"Ben Kader. Güvercinada bölgesinde konforlu, saygılı ve keyifli bir buluşma atmosferi oluşturmayı seviyorum. Güleryüzlü tavrım ve iletişim becerilerimle kendinizi hemen rahat hissetmenizi sağlarım. Randevularımda hijyen, gizlilik ve karşılıklı saygı benim için her zaman önceliklidir. Kuşadası'nın canlı atmosferinde kaliteli zaman geçirmek isteyen misafirlerimle keyifli sohbetler eder, birlikte unutulmaz anılar biriktirmeyi hedeflerim. Misafirlerimin kendini özel hissetmesi benim için çok önemli. Buluşmalarımızda samimi sohbet, rahat bir ortam ve karşılıklı güven ön plandadır. Yoğun tempolu günlerinizden sonra dinlenmek ve keyifli vakit geçirmek istiyorsanız doğru adrestesiniz. Sunduğum hizmetler arasında Yabancı uyruklu ve Otel gelir bulunmaktadır. Ödeme olarak Nakit, Kredi Kartı, Kripto kabul ediyorum. Görüşmek üzere, Kader."
Umay5,31,"Kuşadası, Güzelçamlı",4400,05553 491 46 61,Nakit,"Otel gelir, Partner",0,https://picsum.photos/id/978/400/600,"Ben Umay. Güzelçamlı bölgesinde konforlu, saygılı ve keyifli bir buluşma atmosferi oluşturmayı seviyorum. Profesyonel yaklaşımım ve esnek programım sayesinde size en uygun saatte buluşma imkânı sunuyorum. Detayları önceden netleştirir, beklentilerinizi dinler ve buna göre plan yaparım. Samimi ama ölçülü bir ortamda, stresinizden uzaklaşmanıza yardımcı olacak bir deneyim yaşatmayı amaçlıyorum. Yıllardır bölgeyi iyi tanıyan biri olarak size Kuşadası'nın en güzel köşelerini de önerebilirim. İletişimde açık ve net olmayı tercih ederim; bu sayede her iki taraf da memnun ayrılır. Özenli görünümüm, pozitif enerjim ve güler yüzümle tanınırım. Güleryüzlü tavrım ve iletişim becerilerimle kendinizi hemen rahat hissetmenizi sağlarım. Randevularımda hijyen, gizlilik ve karşılıklı saygı benim için her zaman önceliklidir. Kuşadası'nın canlı atmosferinde kaliteli zaman geçirmek isteyen misafirlerimle keyifli sohbetler eder, birlikte unutulmaz anılar biriktirmeyi hedeflerim. Sunduğum hizmetler arasında Otel gelir ve Partner bulunmaktadır. Ödeme olarak Nakit kabul ediyorum. Detaylar için mesaj atmanız yeterli. Sevgiler, Umay."
Pınar8,25,"Kuşadası, Kadınlar Denizi",1000,05535 347 48 74,Kredi Kartı,"Türkçe bilir, Masaj, Eve gelir, Partner",0,https://picsum.photos/id/1060/400/600,"Ben Pınar. Kadınlar Denizi bölgesinde konforlu, saygılı ve keyifli bir buluşma atmosferi oluşturmayı seviyorum. Profesyonel yaklaşımım ve esnek programım sayesinde size en uygun saatte buluşma imkânı sunuyorum. Detayları önceden netleştirir, beklentilerinizi dinler ve buna göre plan yaparım. Samimi ama ölçülü bir ortamda, stresinizden uzaklaşmanıza yardımcı olacak bir deneyim yaşatmayı amaçlıyorum. Esnek çalışma saatlerim ve farklı ödeme seçeneklerimle size kolaylık sağlıyorum. Randevu öncesi kısa bir mesajla detayları netleştirmeniz yeterli. Kuşadası'nda güvenilir, sıcak ve profesyonel bir arkadaşlık arıyorsanız benimle iletişime geçebilirsiniz. Güleryüzlü tavrım ve iletişim becerilerimle kendinizi hemen rahat hissetmenizi sağlarım. Randevularımda hijyen, gizlilik ve karşılıklı saygı benim için her zaman önceliklidir. Kuşadası'nın canlı atmosferinde kaliteli zaman geçirmek isteyen misafirlerimle keyifli sohbetler eder, birlikte unutulmaz anılar biriktirmeyi hedeflerim. Sunduğum hizmetler arasında Türkçe bilir, Masaj, Eve gelir ve Partner bulunmaktadır. Ödeme olarak Kredi Kartı kabul ediyorum. Görüşmek üzere, Pınar."
